rule,baskets,support,confidence,lift,leverage,conviction,zhangs_metric,p_value
Beef Sausages 500g  ->  Soda 2L,475,0.03166666666666667,0.3487518355359765,2.283403549995481,0.017798480000000002,1.300988951521984,0.6181888068168662,3.0331740233644305e-80
Diapers 40pk  ->  Long-life Milk 1L,224,0.014933333333333333,0.3035230352303523,3.464874831396716,0.010623413333333333,1.3100217898832685,0.7482007632670232,9.726368549079882e-68
Fruit Juice 1L  ->  Flavoured Yoghurt 250ml,397,0.026466666666666666,0.3973973973973974,3.2573557163721096,0.018341466666666667,1.457013289036545,0.742449666693473,6.713547746255788e-119
Cheddar Cheese 200g  ->  Spaghetti 500g,276,0.0184,0.3561290322580645,4.799582644987392,0.014566333333333334,1.437865731462926,0.8347787881103385,8.183149562724601e-123
Salted Peanuts 200g  ->  Potato Crisps 150g,503,0.03353333333333333,0.4347450302506482,3.320354100692323,0.023434008888888885,1.5374772680937816,0.7572353928153968,2.8001637112901857e-160
Salted Peanuts 200g  ->  Soda 2L,508,0.03386666666666667,0.439066551426102,2.8747264388439677,0.022085835555555558,1.510458448895737,0.7066468398991844,7.281238672918752e-133
Bottled Water 1L  ->  Potato Crisps 150g,412,0.027466666666666667,0.3665480427046263,2.799501344485435,0.017655395555555554,1.3719535580524345,0.6948618414976476,1.140923018593058e-98
Bottled Water 1L  ->  Soda 2L,445,0.029666666666666668,0.3959074733096085,2.59214845030298,0.01822184888888889,1.4025445262641136,0.6639733627862836,7.000226697460743e-96
Bar Soap 800g  ->  Washing Powder 1kg,729,0.0486,0.5552170601675551,5.563297196067687,0.03986417333333333,2.023908561643835,0.8989374736352809,0.0
Washing Powder 1kg  ->  Bar Soap 800g,729,0.0486,0.48697394789579157,5.563297196067687,0.03986417333333333,1.7785971354166663,0.9111869363582974,0.0
Strawberry Jam 450g  ->  Eggs Tray (30),488,0.03253333333333333,0.4192439862542955,2.9804074852201103,0.021617599999999997,1.4796804733727809,0.7203766368560988,5.68128573172814e-133
Strawberry Jam 450g  ->  Butter 250g,389,0.025933333333333333,0.33419243986254293,3.0829560872928314,0.017521493333333332,1.3391256774193545,0.732476138028213,5.910173297260937e-106
Strawberry Jam 450g  ->  Brown Bread 400g,396,0.0264,0.3402061855670103,3.1442346170703357,0.01800368,1.3516343750000002,0.739329548739783,2.948154737016549e-111
Strawberry Jam 450g  ->  Fresh Milk 500ml,650,0.043333333333333335,0.5584192439862543,1.5003203761049284,0.014450613333333334,1.421710505836576,0.3615304556674895,3.1122298221909126e-41
Strawberry Jam 450g  ->  White Bread 400g,620,0.04133333333333333,0.5326460481099656,1.8910510583785762,0.019475999999999997,1.5370220588235293,0.5108342892314578,6.765623206187379e-79
Tea Leaves 250g  ->  Fresh Milk 500ml,2536,0.16906666666666667,0.7927477336667709,2.1298971887876705,0.08968881333333334,3.0291586726998494,0.6742993429151195,0.0
Fresh Milk 500ml  ->  Tea Leaves 250g,2536,0.16906666666666667,0.4542360737954505,2.1298971887876705,0.08968881333333334,1.4415268132589432,0.8450044117809625,0.0
White Bread 400g  ->  Tea Leaves 250g,1556,0.10373333333333333,0.36828402366863905,1.7268710081367884,0.04366322222222222,1.245390907955539,0.585964666376395,6.623644284134169e-173
Tea Leaves 250g  ->  White Bread 400g,1556,0.10373333333333333,0.4864020006251954,1.7268710081367884,0.04366322222222222,1.398629539460337,0.5350198525722952,6.623644284134169e-173
Pasta Sauce 400g  ->  Spaghetti 500g,595,0.03966666666666667,0.7697283311772316,10.373697185676976,0.035842893333333334,4.020468539325843,0.9526980596132456,0.0
Spaghetti 500g  ->  Pasta Sauce 400g,595,0.03966666666666667,0.5345911949685535,10.373697185676974,0.035842893333333334,2.0379216216216216,0.9760232803425971,0.0
Pasta Sauce 400g  ->  Onions 1kg,238,0.015866666666666668,0.3078913324708926,1.3782065016602176,0.004354120000000001,1.1220781308411214,0.2893294381082721,1.4335048316801566e-08
White Bread 400g  ->  Fresh Milk 500ml,2569,0.17126666666666668,0.6080473372781066,1.6336575423914739,0.06643033333333336,1.6017240338164254,0.5399674325055387,1.711602382443739e-300
Fresh Milk 500ml  ->  White Bread 400g,2569,0.17126666666666668,0.46014687444026514,1.6336575423914739,0.06643033333333336,1.3306088254810882,0.6178346697724518,1.711602382443739e-300
BBQ Sauce 375ml  ->  Beef Sausages 500g,262,0.017466666666666665,0.5658747300215982,6.232100550898657,0.014663973333333332,2.0943263681592033,0.8662796223587403,5.574880910141483e-155
BBQ Sauce 375ml  ->  Soda 2L,253,0.016866666666666665,0.5464362850971922,3.5777146558087662,0.012152297777777776,1.8680212698412697,0.7434394611433112,4.553076759219806e-89
BBQ Sauce 375ml  ->  Chicken Wings 1kg,208,0.013866666666666666,0.44924406047516197,9.231042338530726,0.012364488888888888,1.7273228758169934,0.9200693455955891,1.8069195902356498e-154
BBQ Sauce 375ml  ->  Potato Crisps 150g,189,0.0126,0.408207343412527,3.117673193069198,0.008558524444444444,1.4685323600973237,0.7008818584797123,7.566262107592831e-52
BBQ Sauce 375ml  ->  Burger Buns 6pk,173,0.011533333333333333,0.37365010799136067,8.757424406047516,0.010216355555555555,1.528432183908046,0.9140240510461446,5.148774792210898e-121
Pasta Sauce 400g  ->  Mozzarella 200g,234,0.0156,0.3027166882276843,8.715451676420855,0.013810075555555554,1.3843249226963514,0.9333604275967388,6.713906112315678e-169
Mozzarella 200g  ->  Pasta Sauce 400g,234,0.0156,0.44913627639155473,8.715451676420855,0.013810075555555554,1.7217809523809524,0.9171157402734169,6.713906112315678e-169
Mozzarella 200g  ->  Spaghetti 500g,294,0.0196,0.564299424184261,7.605113533480607,0.017022786666666664,2.124853744493392,0.8997612305506496,2.9623241506762394e-202
Peanut Butter 400g  ->  Fresh Milk 500ml,525,0.035,0.46708185053380785,1.2549216833256525,0.007109813333333336,1.1780420701168617,0.2195923073755303,8.671300048830292e-12
Peanut Butter 400g  ->  White Bread 400g,554,0.03693333333333333,0.49288256227758004,1.7498789193286866,0.015827111111111108,1.416502923976608,0.463244331172541,5.676410285776992e-55
Peanut Butter 400g  ->  Eggs Tray (30),373,0.024866666666666665,0.33185053380782914,2.3591270175912027,0.014326044444444443,1.2861393697292498,0.6227814800875158,2.843429588244822e-65
Chicken Wings 1kg  ->  Beef Sausages 500g,368,0.024533333333333334,0.5041095890410959,5.551867720716915,0.0201144,1.8334696132596686,0.8618224612290912,6.387516572689168e-199
Chicken Wings 1kg  ->  Soda 2L,374,0.02493333333333333,0.5123287671232877,3.354400483129339,0.01750031111111111,1.73737265917603,0.7377899111482524,1.0176335755542143e-121
Chicken Wings 1kg  ->  Potato Crisps 150g,279,0.0186,0.3821917808219178,2.9189799960940763,0.01222791111111111,1.4066932742054692,0.6910454546596236,1.0607468013082455e-69
Burger Buns 6pk  ->  Beef Sausages 500g,301,0.020066666666666667,0.4703125,5.17965308370044,0.016192533333333335,1.7164837758112095,0.8429006376146364,4.514211571949405e-149
Burger Buns 6pk  ->  Chicken Wings 1kg,254,0.016933333333333335,0.39687500000000003,8.154965753424658,0.014856888888888892,1.5773402417962006,0.9164784067729697,2.168946861547605e-175
Chicken Wings 1kg  ->  Burger Buns 6pk,254,0.016933333333333335,0.3479452054794521,8.15496575342466,0.014856888888888892,1.4681792717086835,0.9222585789250066,2.168946861547605e-175
Burger Buns 6pk  ->  Soda 2L,313,0.020866666666666665,0.4890625,3.202067874290703,0.014350044444444442,1.6582589194699284,0.7183514732973203,4.6244410696647266e-94
Burger Buns 6pk  ->  Potato Crisps 150g,214,0.014266666666666667,0.33437500000000003,2.553780549898167,0.008680177777777777,1.3056400625978093,0.6355400515450498,3.896596967335147e-42
Breakfast Cereal 500g  ->  Natural Yoghurt 500ml,388,0.025866666666666666,0.3222591362126246,3.3360159028222003,0.018112906666666664,1.3329578431372548,0.7613524613439424,1.4380892671188747e-117
Breakfast Cereal 500g  ->  Long-life Milk 1L,587,0.03913333333333333,0.48754152823920266,5.565542559808249,0.03210197333333333,1.780436952998379,0.8919139587160292,0.0
Long-life Milk 1L  ->  Breakfast Cereal 500g,587,0.03913333333333333,0.4467275494672755,5.565542559808249,0.03210197333333333,1.6623515818431913,0.8990826373261973,0.0
Queen Cakes 6pk  ->  Fresh Milk 500ml,599,0.039933333333333335,0.6358811040339704,1.7084392907951917,0.016559173333333337,1.7241620991253648,0.44245673362276156,2.1209920131487218e-64
Queen Cakes 6pk  ->  Tea Leaves 250g,487,0.032466666666666665,0.5169851380042463,2.4241253735741464,0.01907352,1.6287973626373626,0.6268460116682925,9.030481592254635e-101
Queen Cakes 6pk  ->  White Bread 400g,369,0.0246,0.39171974522292996,1.3907209889571477,0.006911333333333335,1.1809249563699824,0.29977433790556435,3.342070174089182e-14
Queen Cakes 6pk  ->  Sugar 1kg,363,0.0242,0.3853503184713376,2.200325381450348,0.013201626666666667,1.3420110535405871,0.5820761449908232,9.452588791038632e-57
Sugar 1kg  ->  Fresh Milk 500ml,1967,0.13113333333333332,0.7487628473543966,2.0117217822525433,0.06594870666666666,2.498834242424242,0.6096905002204195,0.0
Fresh Milk 500ml  ->  Sugar 1kg,1967,0.13113333333333332,0.3523195414651621,2.0117217822525433,0.06594870666666666,1.2735704092920352,0.8010725877909366,0.0
Sugar 1kg  ->  Tea Leaves 250g,1621,0.10806666666666667,0.6170536733917016,2.8933432637935366,0.07071656444444445,2.054421935056329,0.7933149596943815,0.0
Tea Leaves 250g  ->  Sugar 1kg,1621,0.10806666666666667,0.5067208502657081,2.893343263793537,0.07071656444444445,1.6722106886354038,0.8317673075416137,0.0
Sugar 1kg  ->  White Bread 400g,1196,0.07973333333333334,0.45527217358203276,1.61635091212556,0.03040411111111111,1.318701374330305,0.4622837595184466,2.6723494263807085e-98
Butter 250g  ->  Eggs Tray (30),665,0.044333333333333336,0.4089790897908979,2.9074342876130186,0.02908506666666667,1.453981269510926,0.7358166614382524,9.930994369245825e-182
Eggs Tray (30)  ->  Butter 250g,665,0.044333333333333336,0.3151658767772512,2.9074342876130186,0.02908506666666667,1.3019211072664358,0.7634454639313568,9.930994369245825e-182
Butter 250g  ->  Fresh Milk 500ml,747,0.0498,0.45940959409594095,1.2343084204619585,0.00945352,1.161322866894198,0.2129090610985891,1.562203571726141e-14
Butter 250g  ->  White Bread 400g,731,0.04873333333333333,0.4495694956949569,1.5961047184436339,0.018200666666666664,1.3050391061452513,0.4188814403347492,3.555418349795676e-53
Eggs Tray (30)  ->  Fresh Milk 500ml,944,0.06293333333333333,0.4473933649289099,1.202024086321628,0.010577200000000002,1.1360703259005145,0.19558174777451978,1.3439482950690338e-14
Eggs Tray (30)  ->  White Bread 400g,904,0.06026666666666667,0.428436018957346,1.5210746235172048,0.020645555555555556,1.2567855168601436,0.39864630604776974,2.9671181609890367e-55
Margarine 500g  ->  Fresh Milk 500ml,1206,0.0804,0.6370839936608558,1.7116711275143897,0.03342836,1.7298768558951965,0.4758246988905324,2.3843958656881988e-138
Margarine 500g  ->  Tea Leaves 250g,686,0.045733333333333334,0.3623877443211833,1.699223558867693,0.018819080000000002,1.233874233637117,0.47092689215764133,5.0097910637855e-58
Margarine 500g  ->  White Bread 400g,895,0.059666666666666666,0.47279450607501317,1.6785603765976798,0.024120333333333327,1.3625300601202404,0.4626360684916967,2.126700064276532e-80
Cooking Oil 1L  ->  Onions 1kg,1418,0.09453333333333333,0.6178649237472766,2.765733767892913,0.06035313333333333,2.0322656784492583,0.7537571416914923,0.0
Onions 1kg  ->  Cooking Oil 1L,1418,0.09453333333333333,0.42315726648761565,2.765733767892913,0.06035313333333333,1.4683378168649768,0.8220864009949703,0.0
Cooking Oil 1L  ->  Tomatoes 1kg,1370,0.09133333333333334,0.5969498910675382,2.9176436513564914,0.060029533333333336,1.973451891891892,0.7759830746559346,0.0
Tomatoes 1kg  ->  Cooking Oil 1L,1370,0.09133333333333334,0.4463994786575432,2.9176436513564914,0.060029533333333336,1.5299841082989993,0.8263234400723871,0.0
Cooking Oil 1L  ->  Maize Flour 2kg,1055,0.07033333333333333,0.4596949891067538,2.769246922329842,0.04493533333333333,1.5435725806451615,0.7542986957032626,4.0842757661677214e-297
Maize Flour 2kg  ->  Cooking Oil 1L,1055,0.07033333333333333,0.4236947791164658,2.7692469223298417,0.04493533333333333,1.4697073170731705,0.7660563492334095,4.0842757661677214e-297
Natural Yoghurt 500ml  ->  Granola 400g,455,0.030333333333333334,0.3140096618357488,6.069774391154938,0.02533589333333333,1.3823323943661974,0.9245619114115904,2.613981517984461e-277
Granola 400g  ->  Natural Yoghurt 500ml,455,0.030333333333333334,0.586340206185567,6.0697743911549376,0.02533589333333333,2.1839202492211838,0.8808168209743011,2.613981517984461e-277
Rice 2kg  ->  Onions 1kg,1023,0.0682,0.6260709914320686,2.802466389579537,0.04386429333333333,2.0768648117839605,0.7217994798374481,3.763228612173684e-309
Onions 1kg  ->  Rice 2kg,1023,0.0682,0.3052820053715309,2.802466389579537,0.04386429333333333,1.2826307560137455,0.8281888443220303,3.763228612173684e-309
Rice 2kg  ->  Tomatoes 1kg,975,0.065,0.5966952264381885,2.9163989561983796,0.04271224,1.972205766312595,0.7374435709434961,7.449542259882865e-305
Tomatoes 1kg  ->  Rice 2kg,975,0.065,0.3176930596285435,2.91639895619838,0.04271224,1.305961604584527,0.8261395330844664,7.449542259882865e-305
Rice 2kg  ->  Maize Flour 2kg,727,0.048466666666666665,0.4449204406364749,2.6802436182920175,0.030383733333333333,1.502487320837927,0.7035383667648375,4.610274531870024e-179
Rice 2kg  ->  Cooking Oil 1L,714,0.0476,0.43696450428396577,2.855977152182783,0.030933200000000004,1.5043456521739134,0.7293024946025096,2.0523032960745902e-193
Cooking Oil 1L  ->  Rice 2kg,714,0.0476,0.3111111111111111,2.8559771521827826,0.030933200000000004,1.2934838709677419,0.7672457412717153,2.0523032960745902e-193
Maize Flour 2kg  ->  Onions 1kg,1462,0.09746666666666666,0.58714859437751,2.628239007956625,0.06038226666666666,1.88106420233463,0.7428262588287783,0.0
Onions 1kg  ->  Maize Flour 2kg,1462,0.09746666666666666,0.43628767532079976,2.628239007956625,0.06038226666666666,1.4794780307040762,0.7977299766458938,0.0
Maize Flour 2kg  ->  Tomatoes 1kg,1419,0.0946,0.5698795180722891,2.785334887938852,0.0606364,1.8492492997198877,0.7685572472254754,0.0
Tomatoes 1kg  ->  Maize Flour 2kg,1419,0.0946,0.4623655913978495,2.7853348879388524,0.0606364,1.55124,0.8058545941489144,0.0
Toilet Paper 10pk  ->  Washing Powder 1kg,629,0.041933333333333336,0.5464813205907907,5.4757647353786645,0.03427534666666667,1.9849237547892724,0.8853098850295505,0.0
Washing Powder 1kg  ->  Toilet Paper 10pk,629,0.041933333333333336,0.42017368069472283,5.4757647353786645,0.03427534666666667,1.5923158986175117,0.9079950083517919,0.0
Toilet Paper 10pk  ->  Bar Soap 800g,508,0.03386666666666667,0.44135534317984365,5.042140249579326,0.027149942222222223,1.633357905650596,0.8682989988190966,1.0757443016971447e-258
Bar Soap 800g  ->  Toilet Paper 10pk,508,0.03386666666666667,0.38690022848438693,5.042140249579326,0.027149942222222223,1.5058995445134578,0.8785762281468306,1.0757443016971447e-258
Tomatoes 1kg  ->  Onions 1kg,1923,0.1282,0.6265884652981427,2.8047827452915968,0.08249236000000001,2.0797429319371727,0.8089843432811993,0.0
Onions 1kg  ->  Tomatoes 1kg,1923,0.1282,0.5738585496866607,2.8047827452915968,0.08249236000000001,1.866516386554622,0.8285683062656013,0.0
Ice Cream Cones  ->  Ice Cream 1L,279,0.0186,0.7099236641221374,12.368008085751523,0.01709612,3.24948947368421,0.9438757820488188,1.600403227313184e-268
Smoked Bacon 250g  ->  Beef Sausages 500g,358,0.023866666666666668,0.48575305291723203,5.349703225960705,0.01940536,1.7680221635883906,0.8550870185270557,6.367828919033236e-186
Smoked Bacon 250g  ->  Eggs Tray (30),427,0.028466666666666668,0.5793758480325645,4.118785649520601,0.021555244444444448,2.0429956989247313,0.7963366671039741,2.660465052385348e-182
Smoked Bacon 250g  ->  Brown Bread 400g,245,0.01633333333333333,0.33242876526458615,3.072354577306711,0.011017106666666665,1.3358873983739836,0.7093704704766293,4.239420426993463e-64
Potato Crisps 150g  ->  Soda 2L,939,0.0626,0.4781059063136456,3.130331119469526,0.042602115555555556,1.6234455934959346,0.7830756868584775,4.1999767688547e-310
Soda 2L  ->  Potato Crisps 150g,939,0.0626,0.40986468790921,3.1303311194695262,0.042602115555555556,1.4726566074950693,0.8032240659286423,4.1999767688547e-310
Brown Bread 400g  ->  Eggs Tray (30),638,0.04253333333333333,0.3930991990141713,2.794544068821123,0.0273132,1.4159370558375632,0.720071624364376,2.5999200591901566e-162
Eggs Tray (30)  ->  Brown Bread 400g,638,0.04253333333333333,0.3023696682464455,2.7945440688211227,0.0273132,1.278327445652174,0.7472768129652644,2.5999200591901566e-162
Brown Bread 400g  ->  Fresh Milk 500ml,738,0.0492,0.45471349353049906,1.2216912776209004,0.008927959999999999,1.1513213559322033,0.20347903299620568,3.5175588883675735e-13
Brown Bread 400g  ->  White Bread 400g,717,0.0478,0.4417744916820702,1.5684301479836813,0.017323666666666668,1.2868156732891831,0.4063913486678408,1.4742946572227646e-48
Diapers 40pk  ->  Baby Wipes,359,0.023933333333333334,0.486449864498645,15.044841170061186,0.022342533333333334,1.884269129287599,0.9818384869858897,0.0
Baby Wipes  ->  Diapers 40pk,359,0.023933333333333334,0.7402061855670103,15.044841170061186,0.022342533333333334,3.659825396825397,0.964724802024992,0.0
Ice Cream 1L  ->  Ice Cream Cones,279,0.0186,0.3240418118466899,12.368008085751523,0.01709612,1.440621649484536,0.9751180103534266,1.600403227313184e-268
Eggs Tray (30) + White Bread 400g  ->  Brown Bread 400g,302,0.020133333333333333,0.33407079646017696,3.0875304663602305,0.01361248,1.3391813953488374,0.7194770391863551,1.4068445924645975e-80
Potato Crisps 150g + Soda 2L  ->  Salted Peanuts 200g,286,0.019066666666666666,0.3045793397231097,3.9487381986574293,0.01423812,1.3270624808575804,0.7966231549547104,4.82110224810369e-103
Bottled Water 1L + Soda 2L  ->  Potato Crisps 150g,242,0.016133333333333333,0.5438202247191011,4.153413121581729,0.012248977777777777,1.9050968801313626,0.782446746595274,1.8708412124874368e-99
Bottled Water 1L + Potato Crisps 150g  ->  Soda 2L,242,0.016133333333333333,0.587378640776699,3.8457789662376625,0.011938257777777777,2.0533756862745096,0.7608733092069332,2.850426890038019e-94
Potato Crisps 150g + Salted Peanuts 200g  ->  Bottled Water 1L,162,0.0108,0.32206759443339966,4.298055085854977,0.008287235555555557,1.3645411534701861,0.7939607768997758,4.558745583008287e-62
Butter 250g + Fresh Milk 500ml  ->  Strawberry Jam 450g,235,0.015666666666666666,0.3145917001338688,4.054016754302433,0.011802186666666666,1.3457671875,0.7928131591557432,5.862433040138858e-86
Butter 250g + White Bread 400g  ->  Strawberry Jam 450g,228,0.0152,0.3119015047879617,4.019349288504661,0.011418293333333333,1.3405057654075545,0.7896876187244338,2.1479536794860246e-82
Strawberry Jam 450g + White Bread 400g  ->  Butter 250g,228,0.0152,0.36774193548387096,3.3924532793715034,0.010719466666666667,1.4101836734693876,0.7356342873874534,1.0722894113653206e-68
Brown Bread 400g + White Bread 400g  ->  Strawberry Jam 450g,236,0.015733333333333332,0.32914923291492326,4.2416138262232375,0.012024053333333331,1.3749704781704781,0.8026052068537088,5.637100428761127e-91
Strawberry Jam 450g + White Bread 400g  ->  Brown Bread 400g,236,0.015733333333333332,0.38064516129032255,3.517977461093554,0.011261066666666665,1.4398854166666666,0.7466054548454774,7.746035040425785e-75
Brown Bread 400g + Strawberry Jam 450g  ->  White Bread 400g,236,0.015733333333333332,0.5959595959595959,2.115832885063654,0.008297333333333332,1.7778749999999997,0.5416730498725679,5.9228248490868e-40
Brown Bread 400g + Fresh Milk 500ml  ->  Strawberry Jam 450g,234,0.0156,0.3170731707317073,4.085994468192104,0.011782079999999999,1.350657142857143,0.794343225138345,2.3415897090409998e-86
Butter 250g + Strawberry Jam 450g  ->  Eggs Tray (30),193,0.012866666666666667,0.4961439588688946,3.527089754992142,0.00921871111111111,1.705513605442177,0.735555545310989,1.237299699586768e-64
Eggs Tray (30) + Strawberry Jam 450g  ->  Butter 250g,193,0.012866666666666667,0.39549180327868855,3.648448369729599,0.009340053333333334,1.4749179661016947,0.7503213349252504,7.063588913788096e-64
Fresh Milk 500ml + Strawberry Jam 450g  ->  White Bread 400g,386,0.025733333333333334,0.5938461538461538,2.108329540282203,0.013527777777777777,1.768623737373737,0.5495026267805239,7.370054619947117e-65
Eggs Tray (30) + Margarine 500g  ->  Strawberry Jam 450g,154,0.010266666666666667,0.3347826086956522,4.314208874943971,0.007886933333333334,1.3866143790849674,0.7925114775183552,2.1784300096240025e-59
Eggs Tray (30) + Strawberry Jam 450g  ->  Margarine 500g,154,0.010266666666666667,0.3155737704918033,2.5005845522329895,0.00616096,1.2766898203592816,0.6202730566016122,5.179104999360646e-29
Butter 250g + Strawberry Jam 450g  ->  White Bread 400g,228,0.0152,0.5861182519280206,2.080893202111316,0.007895444444444445,1.735600414078675,0.5332665127331367,5.126821011803366e-37
Fresh Milk 500ml + White Bread 400g  ->  Tea Leaves 250g,1314,0.0876,0.5114830673413779,2.398326355148693,0.05107452888888889,1.6104525365205842,0.703534591615428,4.715655912062161e-308
Eggs Tray (30) + White Bread 400g  ->  Strawberry Jam 450g,279,0.0186,0.30862831858407075,3.9771690539184372,0.013923306666666664,1.33415936,0.7965715889812407,3.663686634172859e-101
Beef Sausages 500g + Eggs Tray (30)  ->  Smoked Bacon 250g,227,0.015133333333333334,0.5660847880299251,11.521400027746102,0.013819835555555555,2.1913651340996165,0.9382885738658703,7.31604562686323e-199
Brown Bread 400g + Smoked Bacon 250g  ->  Eggs Tray (30),171,0.0114,0.6979591836734694,4.961795144598124,0.009102444444444444,2.8450900900900904,0.811718101307714,1.3339854486604462e-89
Cooking Oil 1L + Tomatoes 1kg  ->  Rice 2kg,505,0.033666666666666664,0.3686131386861313,3.3838415424063464,0.02371742222222222,1.4112847784200384,0.775287477390439,1.3273950472159444e-162
Eggs Tray (30) + Smoked Bacon 250g  ->  Brown Bread 400g,171,0.0114,0.40046838407494145,3.7011865441306973,0.008319906666666666,1.48749453125,0.7512005499234946,1.5645666434209655e-57
Brown Bread 400g + Margarine 500g  ->  White Bread 400g,197,0.013133333333333334,0.5580736543909348,1.9813265836364549,0.006504777777777778,1.6254594017094015,0.507224327221423,3.1862666146356466e-28
Fresh Milk 500ml + Strawberry Jam 450g  ->  Margarine 500g,213,0.0142,0.3276923076923077,2.596610995977082,0.008731333333333334,1.2997025171624714,0.6427344555135692,5.753882582265034e-43
Maize Flour 2kg + Onions 1kg  ->  Tomatoes 1kg,1006,0.06706666666666666,0.6880984952120384,3.3631402503032177,0.04712498666666666,2.55016403508772,0.7785406045041613,0.0
Onions 1kg + Tomatoes 1kg  ->  Maize Flour 2kg,1006,0.06706666666666666,0.5231409256370254,3.151451359259189,0.04578546666666666,1.748944383860414,0.7830762614038184,0.0
Maize Flour 2kg + Tomatoes 1kg  ->  Onions 1kg,1006,0.06706666666666666,0.7089499647639181,3.1734555271437697,0.04593302666666667,2.668269733656173,0.7564458620488248,0.0
Bar Soap 800g + Toilet Paper 10pk  ->  Washing Powder 1kg,354,0.0236,0.6968503937007873,6.982468874757387,0.020220106666666664,2.969490909090908,0.8868177416412093,1.805178541407431e-244
Toilet Paper 10pk + Washing Powder 1kg  ->  Bar Soap 800g,354,0.0236,0.5627980922098569,6.42952885235937,0.019929435555555555,2.087060121212121,0.8814288584158225,1.2121747661410012e-218
Bar Soap 800g + Washing Powder 1kg  ->  Toilet Paper 10pk,354,0.0236,0.48559670781893005,6.328367174008645,0.01987076,1.7948304000000002,0.8849919654532304,1.7603957098335051e-211
Onions 1kg + Spaghetti 500g  ->  Pasta Sauce 400g,191,0.012733333333333333,0.5895061728395061,11.439317713573857,0.011620213333333332,2.3105503759398496,0.9327291485618147,9.762990491951318e-166
Cheddar Cheese 200g + Pasta Sauce 400g  ->  Spaghetti 500g,178,0.011866666666666666,0.8725490196078431,11.759420749431849,0.010857546666666665,7.263969230769231,0.9275768428150941,7.53898672561539e-176
Cheddar Cheese 200g + Spaghetti 500g  ->  Pasta Sauce 400g,178,0.011866666666666666,0.644927536231884,12.514764609933067,0.010918453333333333,2.671191836734694,0.9373414649780684,3.371476909083126e-164
Beef Sausages 500g + Burger Buns 6pk  ->  Chicken Wings 1kg,161,0.010733333333333333,0.5348837209302325,10.990761388977381,0.009756755555555555,2.0453666666666663,0.9276289129399515,2.0168648425256795e-133
Beef Sausages 500g + Chicken Wings 1kg  ->  Burger Buns 6pk,161,0.010733333333333333,0.43749999999999994,10.253906249999998,0.009686577777777778,1.701925925925926,0.9251737873935797,2.7365933713385556e-125
Burger Buns 6pk + Chicken Wings 1kg  ->  Soda 2L,157,0.010466666666666668,0.6181102362204725,4.046989761373674,0.007880382222222223,2.218615807560137,0.7658715177861037,2.5655806228415536e-65
Burger Buns 6pk + Soda 2L  ->  Chicken Wings 1kg,157,0.010466666666666668,0.501597444089457,10.306796796358705,0.009451155555555556,1.9087649572649577,0.9222203092209887,3.91398566723238e-124
Chicken Wings 1kg + Soda 2L  ->  Burger Buns 6pk,157,0.010466666666666668,0.41978609625668456,9.838736631016046,0.009402844444444445,1.649966205837174,0.9213328328140883,1.519676826137475e-118
BBQ Sauce 375ml + Beef Sausages 500g  ->  Soda 2L,162,0.0108,0.618320610687023,4.048367158579374,0.008132257777777778,2.2198386666666674,0.7663728096848829,1.989916170787769e-67
Fresh Milk 500ml + Peanut Butter 400g  ->  Eggs Tray (30),204,0.0136,0.3885714285714285,2.7623561272850368,0.008676666666666666,1.4054517133956386,0.6611297368688408,9.480141822733693e-47
Eggs Tray (30) + Peanut Butter 400g  ->  Fresh Milk 500ml,204,0.0136,0.546916890080429,1.4694166847942747,0.004344626666666667,1.38561775147929,0.3276042693005281,2.9772803776922013e-12
Mozzarella 200g + Pasta Sauce 400g  ->  Spaghetti 500g,206,0.013733333333333334,0.8803418803418804,11.864445826709979,0.012575813333333333,7.737042857142863,0.9302260901125519,2.9877131488141375e-206
Pasta Sauce 400g + Spaghetti 500g  ->  Mozzarella 200g,206,0.013733333333333334,0.346218487394958,9.967902708108195,0.012355577777777777,1.4764361610968295,0.9368392851726914,1.118674776650777e-159
Mozzarella 200g + Spaghetti 500g  ->  Pasta Sauce 400g,206,0.013733333333333334,0.7006802721088435,13.596641761491142,0.01272328,3.1687409090909093,0.9449739159368278,2.2959940663727297e-203
Beef Sausages 500g + Burger Buns 6pk  ->  Soda 2L,177,0.0118,0.5880398671096345,3.850108252572902,0.00873515111111111,2.0566715053763436,0.755425923512995,8.909142303688089e-69
Burger Buns 6pk + Chicken Wings 1kg  ->  Beef Sausages 500g,161,0.010733333333333333,0.6338582677165353,6.98081792639356,0.009195786666666666,2.4831913978494615,0.8715078433734634,1.3347130036648916e-104
Brown Bread 400g + Peanut Butter 400g  ->  White Bread 400g,170,0.011333333333333334,0.6137184115523466,2.1788819345053727,0.00613188888888889,1.8596105919003116,0.5512283701771138,3.3502540114045146e-31
Fresh Milk 500ml + Peanut Butter 400g  ->  White Bread 400g,305,0.02033333333333333,0.5809523809523809,2.062552831783601,0.010474999999999996,1.714204545454545,0.5338486367111185,2.818098545523554e-48
Fresh Milk 500ml + Peanut Butter 400g  ->  Butter 250g,159,0.0106,0.3028571428571428,2.79388508170796,0.0068059999999999996,1.2789344262295081,0.665363183106853,1.7286571049534168e-35
Butter 250g + Peanut Butter 400g  ->  Fresh Milk 500ml,159,0.0106,0.5482758620689655,1.4730678722970594,0.0034041333333333333,1.3897862595419848,0.3274758539307107,5.874475750281123e-10
Butter 250g + Peanut Butter 400g  ->  White Bread 400g,161,0.010733333333333333,0.5551724137931033,1.9710263211589467,0.005287777777777777,1.6148578811369503,0.5023624441057124,6.013025972825213e-23
Cooking Oil 1L + Tomatoes 1kg  ->  Maize Flour 2kg,736,0.04906666666666667,0.5372262773722628,3.2363028757365226,0.033905333333333336,1.8021766561514196,0.7604608599955343,2.7839159509055267e-247
Queen Cakes 6pk + White Bread 400g  ->  Sugar 1kg,176,0.011733333333333333,0.47696476964769646,2.723437969058031,0.007425053333333333,1.5770766839378236,0.648776958637016,1.1336122905078369e-41
Cooking Oil 1L + Tomatoes 1kg  ->  Onions 1kg,982,0.06546666666666667,0.7167883211678833,3.208542171745225,0.04506280000000001,2.7421185567010316,0.7575186818342791,0.0
Cooking Oil 1L + Onions 1kg  ->  Tomatoes 1kg,982,0.06546666666666667,0.692524682651622,3.3847736199981524,0.04612514666666667,2.5868743119266058,0.7781172877364645,0.0
Onions 1kg + Tomatoes 1kg  ->  Cooking Oil 1L,982,0.06546666666666667,0.5106604264170567,3.3376498458631154,0.04585206666666668,1.73090435706695,0.8033814908312927,0.0
Cooking Oil 1L + Onions 1kg  ->  Maize Flour 2kg,755,0.050333333333333334,0.5324400564174895,3.2074702193824667,0.0346408,1.7837285067873305,0.7600807847550469,3.67596578827445e-251
Cooking Oil 1L + Maize Flour 2kg  ->  Onions 1kg,755,0.050333333333333334,0.7156398104265403,3.203401120978247,0.034620866666666666,2.731043333333334,0.7398692593181824,2.6364197811174023e-278
Maize Flour 2kg + Onions 1kg  ->  Cooking Oil 1L,755,0.050333333333333334,0.5164158686730507,3.3752671155101353,0.035420933333333335,1.7515049504950497,0.7797242786798798,7.87104299072153e-267
Rice 2kg + Tomatoes 1kg  ->  Onions 1kg,722,0.048133333333333334,0.7405128205128205,3.3147395725730555,0.033612333333333334,2.9928260869565215,0.7468632882515887,3.886089869159009e-281
Onions 1kg + Rice 2kg  ->  Tomatoes 1kg,722,0.048133333333333334,0.7057673509286413,3.4494982938838774,0.03417961333333333,2.703302990033223,0.7620763791404834,8.605951678665417e-287
Queen Cakes 6pk + Sugar 1kg  ->  Fresh Milk 500ml,307,0.020466666666666668,0.8457300275482095,2.2722461782595635,0.011459426666666668,4.069489285714289,0.5737926218393928,4.323821627785255e-79
Fresh Milk 500ml + Queen Cakes 6pk  ->  Sugar 1kg,307,0.020466666666666668,0.5125208681135226,2.926460990370323,0.01347300888888889,1.6921066210045663,0.685671484539958,6.317731807351427e-83
Queen Cakes 6pk + Sugar 1kg  ->  Tea Leaves 250g,258,0.0172,0.7107438016528926,3.332653024318034,0.012038946666666668,2.719849523809524,0.7172973556978095,3.5287922474050567e-94
Onions 1kg + Tomatoes 1kg  ->  Rice 2kg,722,0.048133333333333334,0.375455018200728,3.4466494938867323,0.03416808,1.4267453788509574,0.8142500090556744,1.0938703955280129e-255
Maize Flour 2kg + Rice 2kg  ->  Onions 1kg,539,0.03593333333333333,0.7414030261348006,3.318724378401077,0.025105879999999997,3.0031287234042554,0.7342668741413623,5.872359488757585e-206
Onions 1kg + Rice 2kg  ->  Maize Flour 2kg,539,0.03593333333333333,0.5268817204301075,3.17398626765125,0.02461213333333333,1.7627727272727272,0.7350705897297748,2.000409905150997e-169
Maize Flour 2kg + Onions 1kg  ->  Rice 2kg,539,0.03593333333333333,0.3686730506155951,3.384391529518927,0.025315964444444443,1.4114187071144817,0.7806092984743557,2.1147652162844968e-175
Maize Flour 2kg + Rice 2kg  ->  Tomatoes 1kg,518,0.03453333333333333,0.7125171939477304,3.4824887289722892,0.024617053333333333,2.7667741626794258,0.7491582373176991,1.2169040260809296e-203
Rice 2kg + Tomatoes 1kg  ->  Maize Flour 2kg,518,0.03453333333333333,0.5312820512820513,3.2004942848316342,0.02374333333333333,1.7793216630196937,0.7353457353457353,2.3314049938414823e-164
Maize Flour 2kg + Tomatoes 1kg  ->  Rice 2kg,518,0.03453333333333333,0.365045806906272,3.3510936986499877,0.024228239999999998,1.4033558268590454,0.7748950313562639,3.119545447192756e-165
Cooking Oil 1L + Maize Flour 2kg  ->  Tomatoes 1kg,736,0.04906666666666667,0.6976303317535546,3.40972791668404,0.03467646666666667,2.63055485893417,0.7601880251609585,1.7496905299828207e-287
Maize Flour 2kg + Tomatoes 1kg  ->  Cooking Oil 1L,736,0.04906666666666667,0.5186751233262861,3.3900334857927197,0.034592866666666666,1.7597262079062956,0.7786808736950279,1.0767551463148262e-260
Brown Bread 400g + Peanut Butter 400g  ->  Fresh Milk 500ml,162,0.0108,0.5848375451263539,1.5712991540202954,0.003926706666666668,1.512179130434783,0.370424455563354,3.628408669433121e-13
Fresh Milk 500ml + Peanut Butter 400g  ->  Brown Bread 400g,162,0.0108,0.30857142857142855,2.8518616318986,0.007013,1.2897933884297519,0.6729034734216081,2.2600576953339165e-37
Peanut Butter 400g + White Bread 400g  ->  Brown Bread 400g,170,0.011333333333333334,0.3068592057761733,2.8360370219609363,0.007337146666666667,1.2866072916666669,0.6722227199061821,7.101087601401557e-39
Eggs Tray (30) + Margarine 500g  ->  White Bread 400g,255,0.017,0.5543478260869565,1.9680987908412657,0.008362222222222224,1.611869918699187,0.507457453407773,1.2316391238295834e-35
Eggs Tray (30) + Fresh Milk 500ml  ->  White Bread 400g,531,0.0354,0.5625000000000001,1.9970414201183435,0.01767377777777778,1.6419047619047622,0.5327894770125847,3.7377953006430087e-78
Fresh Milk 500ml + Peanut Butter 400g  ->  Strawberry Jam 450g,166,0.011066666666666667,0.3161904761904762,4.074619538537064,0.008350666666666666,1.3489136490250695,0.7819464386041575,4.5968682954982046e-60
Beef Sausages 500g + Chicken Wings 1kg  ->  Soda 2L,211,0.014066666666666667,0.5733695652173912,3.7540565160457744,0.010319608888888889,1.985949893842887,0.7520723260580587,2.8703938814775416e-79
Chicken Wings 1kg + Potato Crisps 150g  ->  Beef Sausages 500g,165,0.011,0.5913978494623656,6.513192174695656,0.009311119999999999,2.225147368421053,0.8625081053041109,2.8915386391048114e-100
Beef Sausages 500g + Potato Crisps 150g  ->  Chicken Wings 1kg,165,0.011,0.46742209631728043,9.604563622957818,0.00985471111111111,1.7862801418439713,0.9174740509484826,2.8141925206774887e-124
Beef Sausages 500g + Chicken Wings 1kg  ->  Potato Crisps 150g,165,0.011,0.44836956521739124,3.4244111396440267,0.007787768888888888,1.5754509031198685,0.7257849131003861,5.9514350126434565e-52
Chicken Wings 1kg + Potato Crisps 150g  ->  Soda 2L,163,0.010866666666666667,0.5842293906810037,3.8251596945504387,0.008025826666666666,2.0378224137931036,0.7525708234511609,9.301948450472747e-63
Eggs Tray (30) + Fresh Milk 500ml  ->  Margarine 500g,288,0.0192,0.3050847457627119,2.417470251685514,0.011257813333333332,1.2574195121951222,0.6257232972870422,2.370581951328712e-51
Burger Buns 6pk + Soda 2L  ->  Beef Sausages 500g,177,0.0118,0.5654952076677316,6.227920789292198,0.009905306666666665,2.0924970588235294,0.8573222254663122,4.2997051628776563e-103
Beef Sausages 500g + Soda 2L  ->  Burger Buns 6pk,177,0.0118,0.37263157894736837,8.733552631578947,0.01044888888888889,1.525950782997763,0.9144568589126482,8.930729450606614e-124
Chicken Wings 1kg + Soda 2L  ->  Beef Sausages 500g,211,0.014066666666666667,0.5641711229946524,6.213338358971943,0.01180272,2.0861398773006137,0.8605113402542898,2.914771077871834e-123
Beef Sausages 500g + Soda 2L  ->  Chicken Wings 1kg,211,0.014066666666666667,0.44421052631578944,9.12761355443403,0.012525555555555555,1.7116792929292928,0.9195617949115351,1.3694215260615205e-155
Fresh Milk 500ml + Sugar 1kg  ->  Tea Leaves 250g,1388,0.09253333333333333,0.7056431113370615,3.3087360644126047,0.06456696444444444,2.672719286125503,0.8030803982176922,0.0
Sugar 1kg + White Bread 400g  ->  Fresh Milk 500ml,1001,0.06673333333333334,0.8369565217391305,2.2486741583533867,0.03705658666666667,3.850506666666668,0.6034049983629816,2.126041657413452e-261
Fresh Milk 500ml + White Bread 400g  ->  Sugar 1kg,1001,0.06673333333333334,0.3896457765667575,2.2248521692049343,0.03673883111111111,1.3514556547619048,0.6643052868617988,2.076498822451307e-184
Fresh Milk 500ml + Sugar 1kg  ->  White Bread 400g,1001,0.06673333333333334,0.5088967971530249,1.806734191075828,0.029797444444444453,1.4626932367149759,0.5139052614691378,9.242700436325525e-117
Sugar 1kg + White Bread 400g  ->  Tea Leaves 250g,831,0.0554,0.6948160535117056,3.2579683659504797,0.03839553777777778,2.5778988127853872,0.7531080650858626,3.89201255647e-311
Margarine 500g + Sugar 1kg  ->  Fresh Milk 500ml,440,0.029333333333333333,0.8445297504798465,2.2690213607733654,0.016405586666666666,4.038071604938272,0.5794060677219044,2.2931090204237836e-113
Margarine 500g + Sugar 1kg  ->  Tea Leaves 250g,371,0.024733333333333333,0.7120921305182342,3.3389752915828423,0.017325871111111113,2.732587111111111,0.7257133623582365,5.149527984742695e-137
Eggs Tray (30) + White Bread 400g  ->  Butter 250g,323,0.021533333333333335,0.35730088495575224,3.296133625053065,0.015000426666666667,1.3872743545611015,0.7412892751341531,2.5618894789797492e-95
Margarine 500g + White Bread 400g  ->  Fresh Milk 500ml,636,0.0424,0.7106145251396648,1.909227633368256,0.020192066666666668,2.169424710424711,0.5064459277788553,9.738768301484902e-100
Fresh Milk 500ml + Margarine 500g  ->  White Bread 400g,636,0.0424,0.527363184079602,1.8722953280932615,0.019754,1.5198421052631579,0.5066292153274189,1.0177773725873786e-78
Eggs Tray (30) + Tea Leaves 250g  ->  White Bread 400g,170,0.011333333333333334,0.5704697986577181,2.025336563281839,0.005737555555555556,1.6723697916666664,0.5165163603191242,5.751331397906362e-26
Fresh Milk 500ml + Natural Yoghurt 500ml  ->  Breakfast Cereal 500g,175,0.011666666666666667,0.35496957403651114,4.422378414076135,0.00902856888888889,1.4258758909853246,0.8001764665333978,6.609300179271438e-70
Bottled Water 1L + Salted Peanuts 200g  ->  Potato Crisps 150g,162,0.0108,0.552901023890785,4.2227674940742235,0.008242435555555556,1.943790330788804,0.7783930890388132,1.5288477992422754e-67
Bottled Water 1L + Potato Crisps 150g  ->  Salted Peanuts 200g,162,0.0108,0.3932038834951456,5.097716726384775,0.008681404444444445,1.5208842666666669,0.8265359317822529,8.641678851859238e-75
Salted Peanuts 200g + Soda 2L  ->  Bottled Water 1L,168,0.0112,0.3307086614173228,4.413371816067475,0.008662257777777778,1.382158431372549,0.8005270559783395,2.244088547700487e-66
Bottled Water 1L + Soda 2L  ->  Salted Peanuts 200g,168,0.0112,0.3775280898876404,4.894486904334146,0.008911711111111111,1.482583634175692,0.820015622188415,1.9471148187207154e-74
Bottled Water 1L + Salted Peanuts 200g  ->  Soda 2L,168,0.0112,0.5733788395904437,3.754117238697798,0.00821660888888889,1.9859930666666665,0.7482414431741284,5.187674379690117e-63
Breakfast Cereal 500g + Long-life Milk 1L  ->  Fresh Milk 500ml,271,0.01806666666666667,0.4616695059625214,1.2403801879702347,0.0035012400000000027,1.166198101265823,0.20168830773161694,3.773604904235896e-06
Fresh Milk 500ml + Long-life Milk 1L  ->  Breakfast Cereal 500g,271,0.01806666666666667,0.5387673956262427,6.7122183840478735,0.01537505777777778,1.9940770114942532,0.8805455868589176,3.741380995284496e-168
Long-life Milk 1L + Natural Yoghurt 500ml  ->  Breakfast Cereal 500g,208,0.013866666666666666,0.7003367003367003,8.725125004194771,0.012277386666666666,3.0692224719101113,0.9032732723306075,1.927332539812014e-161
Butter 250g + Margarine 500g  ->  White Bread 400g,214,0.014266666666666667,0.5390428211586902,1.9137614952379531,0.006811888888888889,1.5583515482695809,0.4904494083599516,8.775795583871077e-28
Fresh Milk 500ml + Queen Cakes 6pk  ->  Tea Leaves 250g,409,0.027266666666666668,0.6828046744574291,3.2016474263399304,0.01875021777777778,2.480280350877193,0.7162635914478229,3.995485489532057e-141
Queen Cakes 6pk + White Bread 400g  ->  Tea Leaves 250g,244,0.016266666666666665,0.6612466124661246,3.100562421691738,0.011020306666666665,2.3224367999999993,0.6945641468653465,1.2540595689996218e-78
Queen Cakes 6pk + White Bread 400g  ->  Fresh Milk 500ml,284,0.018933333333333333,0.7696476964769647,2.0678336820982395,0.009777213333333333,2.725390588235294,0.5294259920812552,6.524464273290968e-56
Butter 250g + Fresh Milk 500ml  ->  White Bread 400g,417,0.0278,0.5582329317269076,1.9818920653026304,0.013772999999999999,1.6260454545454541,0.5213972370829919,1.5005828978315788e-59
Eggs Tray (30) + Margarine 500g  ->  Butter 250g,178,0.011866666666666666,0.3869565217391304,3.5697096101395798,0.008542399999999999,1.4543829787234042,0.7426394448479977,3.9297344721818154e-57
Butter 250g + Fresh Milk 500ml  ->  Margarine 500g,236,0.015733333333333332,0.31593038821954483,2.50341036624045,0.009448573333333331,1.2773553816046965,0.6320194856390625,1.2563949573865265e-44
Cooking Oil 1L + Onions 1kg  ->  Rice 2kg,509,0.033933333333333336,0.3589562764456982,3.29519225623346,0.023635502222222226,1.3900247891455813,0.7692470590481625,3.463924880748735e-158
Cooking Oil 1L + Rice 2kg  ->  Tomatoes 1kg,505,0.033666666666666664,0.707282913165266,3.4569057339455815,0.023927706666666663,2.7172995215310998,0.7462452335111712,7.287651308428357e-196
Rice 2kg + Tomatoes 1kg  ->  Cooking Oil 1L,505,0.033666666666666664,0.5179487179487179,3.3852857382269144,0.023721666666666662,1.757074468085106,0.7535871234182241,1.7646728387076074e-170
Potato Crisps 150g + Salted Peanuts 200g  ->  Soda 2L,286,0.019066666666666666,0.5685884691848907,3.7227529627993716,0.013945008888888888,1.9639407066052228,0.7567582104037922,5.970889584766055e-107
Salted Peanuts 200g + Soda 2L  ->  Potato Crisps 150g,286,0.019066666666666666,0.5629921259842519,4.2998380294112915,0.01463239111111111,1.9886750750750746,0.794334564138594,1.5075882361832811e-123
Cooking Oil 1L + Rice 2kg  ->  Maize Flour 2kg,378,0.0252,0.5294117647058824,3.189227498228207,0.0172984,1.7722499999999999,0.7207522516216341,1.1728199818132076e-116
Maize Flour 2kg + Rice 2kg  ->  Cooking Oil 1L,378,0.0252,0.5199449793672627,3.3983331984788414,0.0177846,1.7643810888252147,0.7416850997387676,1.4526261409343168e-125
Cooking Oil 1L + Maize Flour 2kg  ->  Rice 2kg,378,0.0252,0.3582938388625593,3.2891111278692713,0.01753835555555556,1.3885898572131956,0.7486193871995236,7.79318349956487e-113
Cooking Oil 1L + Rice 2kg  ->  Onions 1kg,509,0.033933333333333336,0.7128851540616247,3.191070519523835,0.023299493333333338,2.704840975609756,0.7209423984408327,4.7933378469957217e-181
Onions 1kg + Rice 2kg  ->  Cooking Oil 1L,509,0.033933333333333336,0.49755620723362665,3.252001354468148,0.023498733333333337,1.685760700389105,0.7431820702352294,5.935542170860709e-162
BBQ Sauce 375ml + Soda 2L  ->  Beef Sausages 500g,162,0.0108,0.6403162055335969,7.051940589577058,0.009268506666666667,2.5277758241758246,0.8729182834424579,2.6744908832799624e-106
Beef Sausages 500g + Soda 2L  ->  BBQ Sauce 375ml,162,0.0108,0.3410526315789474,11.049221325451859,0.009822555555555557,1.4707294994675186,0.939238435222371,7.527004482966569e-131
Eggs Tray (30) + Fresh Milk 500ml  ->  Strawberry Jam 450g,290,0.019333333333333334,0.30720338983050854,3.95880656998078,0.014449706666666668,1.3314152905198777,0.7975938610091652,5.763835240252021e-105
Flavoured Yoghurt 250ml + Soda 2L  ->  Potato Crisps 150g,211,0.014066666666666667,0.49299065420560745,3.765203570816757,0.010330702222222222,1.7141038402457758,0.7559807616502726,5.597125847744491e-76
Brown Bread 400g + Fresh Milk 500ml  ->  White Bread 400g,417,0.0278,0.565040650406504,2.00606148073315,0.013941999999999998,1.6514953271028032,0.5274619177186647,1.4649440179032364e-61
Brown Bread 400g + Fresh Milk 500ml  ->  Butter 250g,224,0.014933333333333333,0.3035230352303523,2.800028000280003,0.009600053333333334,1.2801571984435796,0.6761261193581345,1.8478529068028858e-50
Brown Bread 400g + White Bread 400g  ->  Butter 250g,264,0.0176,0.3682008368200837,3.3966866865321377,0.01241848,1.4112079470198677,0.7410160203165874,3.265476317955918e-80
Butter 250g + White Bread 400g  ->  Brown Bread 400g,264,0.0176,0.3611491108071136,3.337792151636909,0.012327053333333334,1.3959438972162743,0.7362822456819934,3.0055358337876897e-78
Brown Bread 400g + Butter 250g  ->  White Bread 400g,264,0.0176,0.5454545454545455,1.9365250134480905,0.008511555555555557,1.5803333333333334,0.49973592357858,2.9613030248249177e-35
Brown Bread 400g + Margarine 500g  ->  Eggs Tray (30),155,0.010333333333333333,0.43909348441926344,3.1215176617483182,0.007022977777777778,1.5320437710437709,0.6960227460428976,2.605616763387579e-43
Eggs Tray (30) + Margarine 500g  ->  Brown Bread 400g,155,0.010333333333333333,0.33695652173913043,3.1142007554448283,0.0070152,1.3450098360655738,0.7003682832675157,5.834799740067006e-41
Brown Bread 400g + Butter 250g  ->  Eggs Tray (30),244,0.016266666666666665,0.5041322314049587,3.583878422310133,0.011727822222222222,1.7329888888888887,0.7450117225085716,5.934058661110226e-84
Butter 250g + Eggs Tray (30)  ->  Brown Bread 400g,244,0.016266666666666665,0.36691729323308264,3.3911025252595435,0.011469799999999999,1.4086627078384797,0.7378207070851464,1.1587528396711472e-73
Brown Bread 400g + Eggs Tray (30)  ->  Butter 250g,244,0.016266666666666665,0.3824451410658307,3.528091707249361,0.011656053333333333,1.4437583756345176,0.7483922737825911,8.270264223517201e-78
Beef Sausages 500g + Potato Crisps 150g  ->  Soda 2L,194,0.012933333333333333,0.5495750708215298,3.5982654134975762,0.009339008888888889,1.88103857442348,0.739491004456069,1.4767880452090863e-68
Fruit Juice 1L + White Bread 400g  ->  Flavoured Yoghurt 250ml,160,0.010666666666666666,0.48192771084337344,3.950227138060438,0.007966399999999998,1.6947441860465116,0.7637544314153257,4.5382079529398955e-60
Flavoured Yoghurt 250ml + Fruit Juice 1L  ->  White Bread 400g,160,0.010666666666666666,0.40302267002518893,1.4308497160657594,0.0032118888888888883,1.2032841068917017,0.309300742998014,9.038442732574922e-08
Beef Sausages 500g + Eggs Tray (30)  ->  Brown Bread 400g,150,0.01,0.3740648379052369,3.457161163634352,0.007107453333333333,1.424748207171315,0.7302678265634633,5.192637891727558e-46
Beef Sausages 500g + Brown Bread 400g  ->  Eggs Tray (30),150,0.01,0.5882352941176471,4.1817674937273495,0.007608666666666666,2.086952380952381,0.7740250932519498,3.1685612821482085e-63
