A,B,support,confidence,lift,gap_baskets,price_B_kes,extra_revenue_kes_6m
Onions 1kg,Rice 2kg,0.0682,0.3052820053715309,2.802466389579537,2328,380,44232.0
Tomatoes 1kg,Rice 2kg,0.065,0.3176930596285435,2.91639895619838,2094,380,39786.0
Fresh Milk 500ml,Sugar 1kg,0.13113333333333332,0.3523195414651621,2.0117217822525433,3616,190,34352.0
Onions 1kg,Cooking Oil 1L,0.09453333333333333,0.42315726648761565,2.765733767892913,1933,340,32861.0
Natural Yoghurt 500ml,Granola 400g,0.030333333333333334,0.3140096618357488,6.069774391154938,994,610,30317.0
Cooking Oil 1L,Rice 2kg,0.0476,0.3111111111111111,2.8559771521827826,1581,380,30039.0
Tomatoes 1kg,Cooking Oil 1L,0.09133333333333334,0.4463994786575432,2.9176436513564914,1699,340,28883.0
Eggs Tray (30),Butter 250g,0.044333333333333336,0.3151658767772512,2.9074342876130186,1445,390,28178.0
Maize Flour 2kg,Cooking Oil 1L,0.07033333333333333,0.4236947791164658,2.7692469223298417,1435,340,24395.0
Fresh Milk 500ml,Tea Leaves 250g,0.16906666666666667,0.4542360737954505,2.1298971887876705,3047,160,24376.0
Brown Bread 400g,Eggs Tray (30),0.04253333333333333,0.3930991990141713,2.794544068821123,985,480,23640.0
Butter 250g,Eggs Tray (30),0.044333333333333336,0.4089790897908979,2.9074342876130186,961,480,23064.0
White Bread 400g,Tea Leaves 250g,0.10373333333333333,0.36828402366863905,1.7268710081367884,2669,160,21352.0
Onions 1kg,Maize Flour 2kg,0.09746666666666666,0.43628767532079976,2.628239007956625,1889,210,19834.0
Washing Powder 1kg,Toilet Paper 10pk,0.041933333333333336,0.42017368069472283,5.4757647353786645,868,450,19530.0
Long-life Milk 1L,Breakfast Cereal 500g,0.03913333333333333,0.4467275494672755,5.565542559808249,727,520,18902.0
Bar Soap 800g,Toilet Paper 10pk,0.03386666666666667,0.38690022848438693,5.042140249579326,805,450,18112.0
Peanut Butter 400g,Eggs Tray (30),0.024866666666666665,0.33185053380782914,2.3591270175912027,751,480,18024.0
Tomatoes 1kg,Maize Flour 2kg,0.0946,0.4623655913978495,2.7853348879388524,1650,210,17325.0
Strawberry Jam 450g,Eggs Tray (30),0.03253333333333333,0.4192439862542955,2.9804074852201103,676,480,16224.0
Rice 2kg,Cooking Oil 1L,0.0476,0.43696450428396577,2.855977152182783,920,340,15640.0
Strawberry Jam 450g,Butter 250g,0.025933333333333333,0.33419243986254293,3.0829560872928314,775,390,15112.0
Pasta Sauce 400g,Mozzarella 200g,0.0156,0.3027166882276843,8.715451676420855,539,560,15092.0
Tea Leaves 250g,Sugar 1kg,0.10806666666666667,0.5067208502657081,2.893343263793537,1578,190,14991.0
Burger Buns 6pk,Chicken Wings 1kg,0.016933333333333335,0.39687500000000003,8.154965753424658,386,690,13317.0
Cooking Oil 1L,Maize Flour 2kg,0.07033333333333333,0.4596949891067538,2.769246922329842,1240,210,13020.0
Potato Crisps 150g,Soda 2L,0.0626,0.4781059063136456,3.130331119469526,1025,210,10762.0
Soda 2L,Potato Crisps 150g,0.0626,0.40986468790921,3.1303311194695262,1352,150,10140.0
Fresh Milk 500ml,White Bread 400g,0.17126666666666668,0.46014687444026514,1.6336575423914739,3014,65,9796.0
Margarine 500g,Tea Leaves 250g,0.045733333333333334,0.3623877443211833,1.699223558867693,1207,160,9656.0
Bar Soap 800g,Washing Powder 1kg,0.0486,0.5552170601675551,5.563297196067687,584,330,9636.0
Rice 2kg,Maize Flour 2kg,0.048466666666666665,0.4449204406364749,2.6802436182920175,907,210,9524.0
Beef Sausages 500g,Soda 2L,0.03166666666666667,0.3487518355359765,2.283403549995481,887,210,9314.0
Baby Wipes,Diapers 40pk,0.023933333333333334,0.7402061855670103,15.044841170061186,126,1450,9135.0
BBQ Sauce 375ml,Chicken Wings 1kg,0.013866666666666666,0.44924406047516197,9.231042338530726,255,690,8798.0
Toilet Paper 10pk,Washing Powder 1kg,0.041933333333333336,0.5464813205907907,5.4757647353786645,522,330,8613.0
Onions 1kg,Tomatoes 1kg,0.1282,0.5738585496866607,2.8047827452915968,1428,120,8568.0
Sugar 1kg,Tea Leaves 250g,0.10806666666666667,0.6170536733917016,2.8933432637935366,1006,160,8048.0
Smoked Bacon 250g,Beef Sausages 500g,0.023866666666666668,0.48575305291723203,5.349703225960705,379,420,7959.0
Chicken Wings 1kg,Beef Sausages 500g,0.024533333333333334,0.5041095890410959,5.551867720716915,362,420,7602.0
Smoked Bacon 250g,Eggs Tray (30),0.028466666666666668,0.5793758480325645,4.118785649520601,310,480,7440.0
Breakfast Cereal 500g,Natural Yoghurt 500ml,0.025866666666666666,0.3222591362126246,3.3360159028222003,816,180,7344.0
Spaghetti 500g,Pasta Sauce 400g,0.03966666666666667,0.5345911949685535,10.373697185676974,518,280,7252.0
Bottled Water 1L,Soda 2L,0.029666666666666668,0.3959074733096085,2.59214845030298,679,210,7130.0
Burger Buns 6pk,Beef Sausages 500g,0.020066666666666667,0.4703125,5.17965308370044,339,420,7119.0
Washing Powder 1kg,Bar Soap 800g,0.0486,0.48697394789579157,5.563297196067687,768,180,6912.0
Salted Peanuts 200g,Soda 2L,0.03386666666666667,0.439066551426102,2.8747264388439677,649,210,6815.0
Maize Flour 2kg,Tomatoes 1kg,0.0946,0.5698795180722891,2.785334887938852,1071,120,6426.0
Ice Cream 1L,Ice Cream Cones,0.0186,0.3240418118466899,12.368008085751523,582,220,6402.0
Tomatoes 1kg,Onions 1kg,0.1282,0.6265884652981427,2.8047827452915968,1146,110,6303.0
Toilet Paper 10pk,Bar Soap 800g,0.03386666666666667,0.44135534317984365,5.042140249579326,643,180,5787.0
Maize Flour 2kg,Onions 1kg,0.09746666666666666,0.58714859437751,2.628239007956625,1028,110,5654.0
Cooking Oil 1L,Tomatoes 1kg,0.09133333333333334,0.5969498910675382,2.9176436513564914,925,120,5550.0
Queen Cakes 6pk,Sugar 1kg,0.0242,0.3853503184713376,2.200325381450348,579,190,5501.0
White Bread 400g,Fresh Milk 500ml,0.17126666666666668,0.6080473372781066,1.6336575423914739,1656,65,5382.0
Bottled Water 1L,Potato Crisps 150g,0.027466666666666667,0.3665480427046263,2.799501344485435,712,150,5340.0
Tea Leaves 250g,White Bread 400g,0.10373333333333333,0.4864020006251954,1.7268710081367884,1643,65,5340.0
Diapers 40pk,Baby Wipes,0.023933333333333334,0.486449864498645,15.044841170061186,379,280,5306.0
Eggs Tray (30),Brown Bread 400g,0.04253333333333333,0.3023696682464455,2.7945440688211227,1472,70,5152.0
Salted Peanuts 200g,Potato Crisps 150g,0.03353333333333333,0.4347450302506482,3.320354100692323,654,150,4905.0
Cooking Oil 1L,Onions 1kg,0.09453333333333333,0.6178649237472766,2.765733767892913,877,110,4824.0
Sugar 1kg,White Bread 400g,0.07973333333333334,0.45527217358203276,1.61635091212556,1431,65,4651.0
Breakfast Cereal 500g,Long-life Milk 1L,0.03913333333333333,0.48754152823920266,5.565542559808249,617,140,4319.0
Chicken Wings 1kg,Burger Buns 6pk,0.016933333333333335,0.3479452054794521,8.15496575342466,476,180,4284.0
BBQ Sauce 375ml,Beef Sausages 500g,0.017466666666666665,0.5658747300215982,6.232100550898657,201,420,4221.0
Mozzarella 200g,Pasta Sauce 400g,0.0156,0.44913627639155473,8.715451676420855,287,280,4018.0
Cheddar Cheese 200g,Spaghetti 500g,0.0184,0.3561290322580645,4.799582644987392,499,160,3992.0
Rice 2kg,Tomatoes 1kg,0.065,0.5966952264381885,2.9163989561983796,659,120,3954.0
Eggs Tray (30),White Bread 400g,0.06026666666666667,0.428436018957346,1.5210746235172048,1206,65,3920.0
Eggs Tray (30),Fresh Milk 500ml,0.06293333333333333,0.4473933649289099,1.202024086321628,1166,65,3790.0
Chicken Wings 1kg,Soda 2L,0.02493333333333333,0.5123287671232877,3.354400483129339,356,210,3738.0
Ice Cream Cones,Ice Cream 1L,0.0186,0.7099236641221374,12.368008085751523,114,650,3705.0
Queen Cakes 6pk,Tea Leaves 250g,0.032466666666666665,0.5169851380042463,2.4241253735741464,455,160,3640.0
Diapers 40pk,Long-life Milk 1L,0.014933333333333333,0.3035230352303523,3.464874831396716,514,140,3598.0
Burger Buns 6pk,Soda 2L,0.020866666666666665,0.4890625,3.202067874290703,327,210,3434.0
Chicken Wings 1kg,Potato Crisps 150g,0.0186,0.3821917808219178,2.9189799960940763,451,150,3382.0
Rice 2kg,Onions 1kg,0.0682,0.6260709914320686,2.802466389579537,611,110,3360.0
Margarine 500g,White Bread 400g,0.059666666666666666,0.47279450607501317,1.6785603765976798,998,65,3244.0
Burger Buns 6pk,Potato Crisps 150g,0.014266666666666667,0.33437500000000003,2.553780549898167,426,150,3195.0
Brown Bread 400g,White Bread 400g,0.0478,0.4417744916820702,1.5684301479836813,906,65,2945.0
Pasta Sauce 400g,Onions 1kg,0.015866666666666668,0.3078913324708926,1.3782065016602176,535,110,2942.0
Butter 250g,White Bread 400g,0.04873333333333333,0.4495694956949569,1.5961047184436339,895,65,2909.0
Granola 400g,Natural Yoghurt 500ml,0.030333333333333334,0.586340206185567,6.0697743911549376,321,180,2889.0
Brown Bread 400g,Fresh Milk 500ml,0.0492,0.45471349353049906,1.2216912776209004,885,65,2876.0
Butter 250g,Fresh Milk 500ml,0.0498,0.45940959409594095,1.2343084204619585,879,65,2857.0
Fruit Juice 1L,Flavoured Yoghurt 250ml,0.026466666666666666,0.3973973973973974,3.2573557163721096,602,90,2709.0
Strawberry Jam 450g,Brown Bread 400g,0.0264,0.3402061855670103,3.1442346170703357,768,70,2688.0
BBQ Sauce 375ml,Burger Buns 6pk,0.011533333333333333,0.37365010799136067,8.757424406047516,290,180,2610.0
Margarine 500g,Fresh Milk 500ml,0.0804,0.6370839936608558,1.7116711275143897,687,65,2233.0
BBQ Sauce 375ml,Soda 2L,0.016866666666666665,0.5464362850971922,3.5777146558087662,210,210,2205.0
Tea Leaves 250g,Fresh Milk 500ml,0.16906666666666667,0.7927477336667709,2.1298971887876705,663,65,2155.0
Sugar 1kg,Fresh Milk 500ml,0.13113333333333332,0.7487628473543966,2.0117217822525433,660,65,2145.0
BBQ Sauce 375ml,Potato Crisps 150g,0.0126,0.408207343412527,3.117673193069198,274,150,2055.0
Peanut Butter 400g,Fresh Milk 500ml,0.035,0.46708185053380785,1.2549216833256525,599,65,1947.0
Queen Cakes 6pk,White Bread 400g,0.0246,0.39171974522292996,1.3907209889571477,573,65,1862.0
Peanut Butter 400g,White Bread 400g,0.03693333333333333,0.49288256227758004,1.7498789193286866,570,65,1852.0
Mozzarella 200g,Spaghetti 500g,0.0196,0.564299424184261,7.605113533480607,227,160,1816.0
Strawberry Jam 450g,White Bread 400g,0.04133333333333333,0.5326460481099656,1.8910510583785762,544,65,1768.0
Smoked Bacon 250g,Brown Bread 400g,0.01633333333333333,0.33242876526458615,3.072354577306711,492,70,1722.0
Strawberry Jam 450g,Fresh Milk 500ml,0.043333333333333335,0.5584192439862543,1.5003203761049284,514,65,1671.0
Pasta Sauce 400g,Spaghetti 500g,0.03966666666666667,0.7697283311772316,10.373697185676976,178,160,1424.0
Queen Cakes 6pk,Fresh Milk 500ml,0.039933333333333335,0.6358811040339704,1.7084392907951917,343,65,1115.0
