rule,support_super,confidence_super,lift_super,support_duka,confidence_duka,lift_duka,supermarket_only
BBQ Sauce 375ml  ->  Beef Sausages 500g,0.025066548358473825,0.576530612244898,4.543706293706294,,,,True
BBQ Sauce 375ml  ->  Burger Buns 6pk,0.015860692102928127,0.3647959183673469,6.124767225325884,,,,True
BBQ Sauce 375ml  ->  Chicken Wings 1kg,0.020629991126885537,0.4744897959183674,6.8121019108280265,,,,True
BBQ Sauce 375ml  ->  Potato Crisps 150g,0.0185226264418811,0.42602040816326536,2.8793103448275867,,,,True
BBQ Sauce 375ml  ->  Soda 2L,0.023957409050576754,0.5510204081632654,3.1343848580441644,,,,True
Baby Wipes  ->  Diapers 40pk,0.031721384205856254,0.7428571428571429,11.144093178036607,0.012199197860962567,0.73,31.885547445255472,False
Baby Wipes  ->  Long-life Milk 1L,0.011867790594498669,0.2779220779220779,2.307316256487527,,,,True
Bar Soap 800g  ->  Toilet Paper 10pk,0.0370452528837622,0.36743674367436746,4.156599348768002,0.029077540106951873,0.4306930693069307,7.280416177210942,False
Bar Soap 800g  ->  Washing Powder 1kg,0.05290594498669033,0.5247524752475248,4.642952224564949,0.042112299465240643,0.6237623762376238,7.808774182857617,False
Beef Sausages 500g  ->  BBQ Sauce 375ml,0.025066548358473825,0.19755244755244755,4.543706293706294,,,,True
Beef Sausages 500g  ->  Brown Bread 400g,0.024401064773735583,0.19230769230769232,1.4305661335364306,,,,True
Beef Sausages 500g  ->  Burger Buns 6pk,0.027728482697426796,0.21853146853146854,3.669049758435233,,,,True
Beef Sausages 500g  ->  Butter 250g,0.021184560780834073,0.16695804195804195,1.2575553101868893,,,,True
Beef Sausages 500g  ->  Cheddar Cheese 200g,0.01841171251109139,0.1451048951048951,1.9439312544810317,,,,True
Beef Sausages 500g  ->  Chicken Wings 1kg,0.03604702750665484,0.2840909090909091,4.078604516502606,,,,True
Beef Sausages 500g  ->  Eggs Tray (30),0.03793256433007986,0.298951048951049,1.7026801372979519,,,,True
Beef Sausages 500g  ->  Potato Crisps 150g,0.034494232475598935,0.2718531468531469,1.8373523028695444,,,,True
Beef Sausages 500g  ->  Smoked Bacon 250g,0.033385093167701864,0.2631118881118881,3.9145491472224148,,,,True
Beef Sausages 500g  ->  Soda 2L,0.045141969831410826,0.3557692307692308,2.023732103858287,0.011363636363636364,0.3119266055045872,2.6438651662031867,False
Bottled Water 1L  ->  Flavoured Yoghurt 250ml,0.016748003549245785,0.2010652463382157,1.351830172248585,0.014538770053475937,0.23324396782841825,2.8542574713399897,False
Bottled Water 1L  ->  Potato Crisps 150g,0.02673025732031943,0.3209054593874833,2.1688782772395427,0.02857620320855615,0.45844504021447724,4.354500191497511,False
Bottled Water 1L  ->  Salted Peanuts 200g,0.01818988464951198,0.21837549933422104,2.7044965686776608,0.021557486631016042,0.34584450402144773,4.824087440709425,False
Bottled Water 1L  ->  Soda 2L,0.029835847382431235,0.3581890812250333,2.0374970071450473,0.029411764705882353,0.4718498659517426,3.9993620366221356,False
Breakfast Cereal 500g  ->  Fresh Milk 500ml,0.05035492457852706,0.44206426484907496,1.2385492268114542,0.012867647058823529,0.4350282485875706,1.1007226382866904,False
Breakfast Cereal 500g  ->  Granola 400g,0.021850044365572314,0.19182083739045763,2.5358602198128537,,,,True
Breakfast Cereal 500g  ->  Long-life Milk 1L,0.0555678793256433,0.4878286270691334,4.049965839461608,0.014371657754010695,0.4858757062146893,12.752106254336407,False
Breakfast Cereal 500g  ->  Natural Yoghurt 500ml,0.03793256433007986,0.33300876338851026,2.398088666701924,,,,True
Brown Bread 400g  ->  Beef Sausages 500g,0.024401064773735583,0.18151815181518152,1.4305661335364306,,,,True
Brown Bread 400g  ->  Butter 250g,0.04137089618456078,0.3077557755775578,2.3180668944087395,0.018549465240641713,0.27007299270072993,3.7671720007486433,False
Brown Bread 400g  ->  Eggs Tray (30),0.0524622892635315,0.39026402640264024,2.2227545559356945,0.027573529411764705,0.40145985401459855,4.558511890746409,False
Brown Bread 400g  ->  Fresh Milk 500ml,0.061224489795918366,0.45544554455445546,1.2760400962408236,0.03108288770053476,0.45255474452554745,1.1450687489390596,False
Brown Bread 400g  ->  Margarine 500g,0.028504880212954747,0.21204620462046206,1.6566798794264177,0.016042780748663103,0.23357664233576647,1.891370267574055,False
Brown Bread 400g  ->  Peanut Butter 400g,0.023181011535048802,0.17244224422442245,1.9194312023794973,0.011363636363636364,0.16545012165450124,3.153036713313807,False
Brown Bread 400g  ->  Smoked Bacon 250g,0.022293700088731144,0.16584158415841585,2.46737247982224,,,,True
Brown Bread 400g  ->  Strawberry Jam 450g,0.03161047027506655,0.23514851485148516,2.6141788038236626,0.018549465240641713,0.27007299270072993,4.578234527822006,False
Brown Bread 400g  ->  White Bread 400g,0.061224489795918366,0.45544554455445546,1.5344906687978217,0.027573529411764705,0.40145985401459855,1.5508946200279907,False
Burger Buns 6pk  ->  BBQ Sauce 375ml,0.015860692102928127,0.26629422718808193,6.1247672253258845,,,,True
Burger Buns 6pk  ->  Beef Sausages 500g,0.027728482697426796,0.46554934823091243,3.669049758435233,,,,True
Burger Buns 6pk  ->  Cheddar Cheese 200g,0.011867790594498669,0.19925512104283052,2.669367267937831,,,,True
Burger Buns 6pk  ->  Chicken Wings 1kg,0.023846495119787044,0.4003724394785847,5.748022156590637,,,,True
Burger Buns 6pk  ->  Potato Crisps 150g,0.02040816326530612,0.34264432029795155,2.3158029923585692,,,,True
Burger Buns 6pk  ->  Soda 2L,0.02883762200532387,0.48417132216014896,2.7541253252971,,,,True
Butter 250g  ->  Beef Sausages 500g,0.021184560780834073,0.15956558061821222,1.2575553101868893,,,,True
Butter 250g  ->  Brown Bread 400g,0.04137089618456078,0.31161236424394323,2.3180668944087395,0.018549465240641713,0.25874125874125875,3.7671720007486433,False
Butter 250g  ->  Eggs Tray (30),0.055346051464063885,0.41687552213868007,2.3743207249540994,0.027740641711229946,0.38694638694638694,4.3937138130686515,False
Butter 250g  ->  Fresh Milk 500ml,0.060448092280390414,0.45530492898913955,1.2756461279571418,0.03375668449197861,0.47086247086247096,1.1913915541822522,False
Butter 250g  ->  Margarine 500g,0.031055900621118012,0.23391812865497078,1.8275613933736712,0.019552139037433153,0.2727272727272727,2.2083897158322054,False
Butter 250g  ->  Peanut Butter 400g,0.02406832298136646,0.18128654970760236,2.0178759656342504,0.012199197860962567,0.17016317016317017,3.2428548097337906,False
Butter 250g  ->  Smoked Bacon 250g,0.0185226264418811,0.139515455304929,2.0756952888271285,,,,True
Butter 250g  ->  Strawberry Jam 450g,0.030279503105590064,0.22807017543859653,2.5354879183161363,0.019385026737967916,0.27039627039627046,4.583714680031962,False
Butter 250g  ->  White Bread 400g,0.06155723158828749,0.46365914786967427,1.5621640049301133,0.029411764705882353,0.4102564102564103,1.5848769263875786,False
Cheddar Cheese 200g  ->  Beef Sausages 500g,0.01841171251109139,0.24665676077265974,1.9439312544810319,,,,True
Cheddar Cheese 200g  ->  Burger Buns 6pk,0.011867790594498669,0.15898959881129274,2.669367267937831,,,,True
Cheddar Cheese 200g  ->  Chicken Wings 1kg,0.014307897071872227,0.19167904903417535,2.7518762835861863,,,,True
Cheddar Cheese 200g  ->  Mozzarella 200g,0.011978704525288377,0.16047548291233285,3.1182046421068814,,,,True
Cheddar Cheese 200g  ->  Pasta Sauce 400g,0.021184560780834073,0.28380386329866275,3.6294689808521183,,,,True
Cheddar Cheese 200g  ->  Potato Crisps 150g,0.014418811002661935,0.1931649331352155,1.3055285136035253,,,,True
Cheddar Cheese 200g  ->  Soda 2L,0.018633540372670808,0.24962852897474,1.4199689698651456,,,,True
Cheddar Cheese 200g  ->  Spaghetti 500g,0.028948535936113576,0.3878157503714711,3.451675029959707,,,,True
Chicken Wings 1kg  ->  BBQ Sauce 375ml,0.020629991126885537,0.29617834394904463,6.8121019108280265,,,,True
Chicken Wings 1kg  ->  Beef Sausages 500g,0.03604702750665484,0.517515923566879,4.078604516502606,,,,True
Chicken Wings 1kg  ->  Burger Buns 6pk,0.023846495119787044,0.34235668789808915,5.748022156590636,,,,True
Chicken Wings 1kg  ->  Cheddar Cheese 200g,0.014307897071872227,0.2054140127388535,2.7518762835861863,,,,True
Chicken Wings 1kg  ->  Potato Crisps 150g,0.02717391304347826,0.39012738853503187,2.6367230397540085,,,,True
Chicken Wings 1kg  ->  Soda 2L,0.03582519964507542,0.5143312101910829,2.9256846631437243,,,,True
Cooking Oil 1L  ->  Maize Flour 2kg,0.0725377107364685,0.4445955132562882,2.4713151341052373,0.0670120320855615,0.48665048543689327,3.3549729318598724,False
Cooking Oil 1L  ->  Onions 1kg,0.09627329192546584,0.5900747790618627,2.4449054264805854,0.09191176470588236,0.6674757281553398,3.399297665771535,False
Cooking Oil 1L  ->  Rice 2kg,0.049134871339840284,0.30115567641060503,2.581007203914463,0.045287433155080214,0.3288834951456311,3.3815100256897876,False
Cooking Oil 1L  ->  Tomatoes 1kg,0.09383318544809229,0.5751189666893269,2.646897704783549,0.0875668449197861,0.6359223300970874,3.4282515525233976,False
Diapers 40pk  ->  Baby Wipes,0.031721384205856254,0.47587354409317806,11.144093178036607,0.012199197860962567,0.5328467153284672,31.885547445255472,False
Diapers 40pk  ->  Long-life Milk 1L,0.02051907719609583,0.307820299500832,2.5555320628908853,,,,True
Eggs Tray (30)  ->  Beef Sausages 500g,0.03793256433007986,0.21604548325963363,1.7026801372979519,,,,True
Eggs Tray (30)  ->  Brown Bread 400g,0.0524622892635315,0.29879974731522424,2.2227545559356945,0.027573529411764705,0.3130929791271347,4.558511890746409,False
Eggs Tray (30)  ->  Butter 250g,0.055346051464063885,0.31522425773847124,2.3743207249540994,0.027740641711229946,0.3149905123339658,4.3937138130686515,False
Eggs Tray (30)  ->  Fresh Milk 500ml,0.07741792369121561,0.44093493367024633,1.2353851342358424,0.041109625668449196,0.46679316888045536,1.1810952738184546,False
Eggs Tray (30)  ->  Margarine 500g,0.037599822537710735,0.21415034744156664,1.6731191789715467,0.02022058823529412,0.22960151802656548,1.8591819808808767,False
Eggs Tray (30)  ->  Peanut Butter 400g,0.030168589174800354,0.17182564750473783,1.9125679480280446,0.016878342245989306,0.19165085388994307,3.6523525785905075,False
Eggs Tray (30)  ->  Smoked Bacon 250g,0.038930789707187226,0.2217308907138345,3.2988873113464225,0.01270053475935829,0.14421252371916507,6.587540014774685,False
Eggs Tray (30)  ->  Strawberry Jam 450g,0.03782165039929015,0.21541377132027792,2.3947849102634104,0.024565508021390375,0.27893738140417457,4.728502238874166,False
Eggs Tray (30)  ->  White Bread 400g,0.07830523513753328,0.4459886291850916,1.5026283560286942,0.03308823529411765,0.37571157495256163,1.4514254774151898,False
Flavoured Yoghurt 250ml  ->  Bottled Water 1L,0.016748003549245785,0.11260253542132735,1.351830172248585,0.014538770053475937,0.17791411042944788,2.8542574713399897,False
Flavoured Yoghurt 250ml  ->  Fruit Juice 1L,0.03493788819875776,0.23489932885906037,2.6639652188594822,0.013703208556149732,0.16768916155419222,4.918882072256306,False
Flavoured Yoghurt 250ml  ->  Peanut Butter 400g,0.026286601597160602,0.17673378076062637,1.967199712762725,0.010528074866310161,0.12883435582822086,2.455238169669024,False
Flavoured Yoghurt 250ml  ->  Potato Crisps 150g,0.03127772848269743,0.21029082774049215,1.4212759392116021,0.022393048128342245,0.2740286298568507,2.602837017560944,False
Flavoured Yoghurt 250ml  ->  Salted Peanuts 200g,0.021184560780834073,0.1424310216256525,1.7639534216715425,0.01871657754010695,0.22903885480572597,3.1947983849824344,False
Flavoured Yoghurt 250ml  ->  Soda 2L,0.03227595385980479,0.21700223713646533,1.234379917995187,0.02289438502673797,0.2801635991820041,2.3746444440582333,False
Flavoured Yoghurt 250ml  ->  White Bread 400g,0.05146406388642413,0.34601043997017145,1.1657810638157944,,,,True
Fresh Cream 250ml  ->  Ice Cream 1L,0.011645962732919254,0.5614973262032086,6.687529581305322,,,,True
Fresh Milk 500ml  ->  Breakfast Cereal 500g,0.05035492457852706,0.14108141702921068,1.2385492268114542,0.012867647058823529,0.03255813953488372,1.1007226382866904,False
Fresh Milk 500ml  ->  Brown Bread 400g,0.061224489795918366,0.17153511497824736,1.2760400962408236,0.03108288770053476,0.07864693446088795,1.1450687489390596,False
Fresh Milk 500ml  ->  Butter 250g,0.060448092280390414,0.16935985083903043,1.2756461279571416,0.03375668449197861,0.08541226215644822,1.1913915541822522,False
Fresh Milk 500ml  ->  Eggs Tray (30),0.07741792369121561,0.21690490988191422,1.2353851342358424,0.041109625668449196,0.1040169133192389,1.1810952738184546,False
Fresh Milk 500ml  ->  Long-life Milk 1L,0.04724933451641526,0.13238036047234308,1.099025165763025,,,,True
Fresh Milk 500ml  ->  Margarine 500g,0.07531055900621118,0.21100062150403978,1.6485109215601583,0.08806818181818182,0.2228329809725159,1.8043742329357715,False
Fresh Milk 500ml  ->  Peanut Butter 400g,0.0432564330079858,0.12119328775637042,1.3489860276684391,0.022560160427807487,0.05708245243128964,1.0878388386905644,False
Fresh Milk 500ml  ->  Queen Cakes 6pk,0.03405057675244011,0.09540087010565569,1.5497914322028679,0.04879679144385027,0.12346723044397463,1.9091160386995976,False
Fresh Milk 500ml  ->  Strawberry Jam 450g,0.050244010647737355,0.14077066500932256,1.564967097070348,0.032921122994652406,0.08329809725158563,1.4120561301798538,False
Fresh Milk 500ml  ->  Sugar 1kg,0.10836291038154393,0.30360472343070233,1.9441052460590995,0.16544117647058823,0.4186046511627907,2.05490585115516,False
Fresh Milk 500ml  ->  Tea Leaves 250g,0.1327639751552795,0.3719701678060907,2.102622591184774,0.2237633689839572,0.5661733615221988,2.112207852461869,False
Fresh Milk 500ml  ->  White Bread 400g,0.1653726708074534,0.4633312616532007,1.5610592881409782,0.1801470588235294,0.4558139534883721,1.7608719804224782,False
Fruit Juice 1L  ->  Flavoured Yoghurt 250ml,0.03493788819875776,0.3962264150943396,2.6639652188594822,0.013703208556149732,0.4019607843137255,4.918882072256306,False
Fruit Juice 1L  ->  Granola 400g,0.013087843833185448,0.14842767295597484,1.9622051310426236,,,,True
Fruit Juice 1L  ->  Natural Yoghurt 500ml,0.021073646850044366,0.23899371069182393,1.721060140253582,,,,True
Fruit Juice 1L  ->  Peanut Butter 400g,0.017635314995563443,0.2,2.2261728395061726,,,,True
Fruit Juice 1L  ->  White Bread 400g,0.02961401952085182,0.33584905660377357,1.1315452519953746,0.010862299465240642,0.3186274509803922,1.230901656983,False
Granola 400g  ->  Breakfast Cereal 500g,0.021850044365572314,0.28885630498533726,2.5358602198128537,,,,True
Granola 400g  ->  Fruit Juice 1L,0.013087843833185448,0.17302052785923755,1.9622051310426236,,,,True
Granola 400g  ->  Long-life Milk 1L,0.01896628216503993,0.2507331378299121,2.081592974838386,,,,True
Granola 400g  ->  Natural Yoghurt 500ml,0.04580745341614907,0.6055718475073315,4.36089119578762,,,,True
Ice Cream 1L  ->  Fresh Cream 250ml,0.011645962732919254,0.13870541611624834,6.687529581305322,,,,True
Ice Cream 1L  ->  Ice Cream Cones,0.027839396628216505,0.3315719947159842,8.715606718248727,,,,True
Ice Cream 1L  ->  Queen Cakes 6pk,0.015638864241348714,0.18626155878467637,3.025827412617373,,,,True
Ice Cream Cones  ->  Ice Cream 1L,0.027839396628216505,0.7317784256559766,8.715606718248726,,,,True
Long-life Milk 1L  ->  Baby Wipes,0.011867790594498669,0.09852670349907919,2.3073162564875274,,,,True
Long-life Milk 1L  ->  Breakfast Cereal 500g,0.0555678793256433,0.4613259668508287,4.049965839461608,0.014371657754010695,0.37719298245614036,12.752106254336406,False
Long-life Milk 1L  ->  Diapers 40pk,0.02051907719609583,0.1703499079189687,2.555532062890885,,,,True
Long-life Milk 1L  ->  Fresh Milk 500ml,0.04724933451641526,0.39226519337016574,1.099025165763025,,,,True
Long-life Milk 1L  ->  Granola 400g,0.01896628216503993,0.15745856353591162,2.081592974838386,,,,True
Long-life Milk 1L  ->  Natural Yoghurt 500ml,0.029835847382431235,0.24769797421731124,1.7837419612965482,,,,True
Maize Flour 2kg  ->  Cooking Oil 1L,0.0725377107364685,0.4032059186189889,2.4713151341052373,0.0670120320855615,0.4619815668202765,3.3549729318598724,False
Maize Flour 2kg  ->  Onions 1kg,0.09838065661047027,0.5468557336621455,2.2658323964604334,0.09608957219251336,0.662442396313364,3.3736640847141874,False
Maize Flour 2kg  ->  Rice 2kg,0.050576752440106475,0.281134401972873,2.4094180305964095,0.045287433155080214,0.3122119815668203,3.2100970750787847,False
Maize Flour 2kg  ->  Tomatoes 1kg,0.09605146406388643,0.5339087546239211,2.45723396206701,0.09241310160427807,0.6370967741935484,3.4345829700668413,False
Margarine 500g  ->  Brown Bread 400g,0.028504880212954747,0.22270363951473138,1.6566798794264177,0.016042780748663103,0.12990527740189448,1.891370267574055,False
Margarine 500g  ->  Butter 250g,0.031055900621118012,0.24263431542461006,1.8275613933736712,0.019552139037433153,0.15832205683355885,2.2083897158322054,False
Margarine 500g  ->  Eggs Tray (30),0.037599822537710735,0.2937608318890814,1.6731191789715465,0.02022058823529412,0.16373477672530448,1.8591819808808765,False
Margarine 500g  ->  Fresh Milk 500ml,0.07531055900621118,0.5883882149046794,1.6485109215601583,0.08806818181818182,0.7131258457374832,1.8043742329357715,False
Margarine 500g  ->  Peanut Butter 400g,0.019853593611357585,0.15511265164644714,1.726537860795515,0.0106951871657754,0.08660351826792963,1.6504313799850028,False
Margarine 500g  ->  Queen Cakes 6pk,,,,0.01303475935828877,0.10554803788903924,1.6320399450336198,False
Margarine 500g  ->  Strawberry Jam 450g,0.02717391304347826,0.21230502599653378,2.360224555344943,0.017045454545454544,0.13802435723951284,2.3397670077089088,False
Margarine 500g  ->  Sugar 1kg,0.029724933451641525,0.23223570190641246,1.4871002048211752,0.042279411764705885,0.34235453315290937,1.6805984629918045,False
Margarine 500g  ->  Tea Leaves 250g,0.0369343389529725,0.2885615251299827,1.6311415113303598,0.058990641711229946,0.4776725304465494,1.7820401634614411,False
Margarine 500g  ->  White Bread 400g,0.06188997338065661,0.4835355285961872,1.6291316613689177,0.0563168449197861,0.45602165087956703,1.7616743440047316,False
Mozzarella 200g  ->  Cheddar Cheese 200g,0.011978704525288377,0.2327586206896552,3.118204642106882,,,,True
Mozzarella 200g  ->  Onions 1kg,0.01497338065661047,0.290948275862069,1.205509951825558,,,,True
Mozzarella 200g  ->  Pasta Sauce 400g,0.023735581188997337,0.46120689655172414,5.8982147224260215,,,,True
Mozzarella 200g  ->  Spaghetti 500g,0.030168589174800354,0.5862068965517241,5.217414984511692,,,,True
Natural Yoghurt 500ml  ->  Breakfast Cereal 500g,0.03793256433007986,0.27316293929712465,2.398088666701924,,,,True
Natural Yoghurt 500ml  ->  Fruit Juice 1L,0.021073646850044366,0.15175718849840256,1.7210601402535817,,,,True
Natural Yoghurt 500ml  ->  Granola 400g,0.04580745341614907,0.3298722044728435,4.36089119578762,,,,True
Natural Yoghurt 500ml  ->  Long-life Milk 1L,0.029835847382431235,0.2148562300319489,1.7837419612965482,,,,True
Onions 1kg  ->  Cooking Oil 1L,0.09627329192546584,0.39889705882352944,2.4449054264805854,0.09191176470588236,0.4680851063829788,3.3992976657715355,False
Onions 1kg  ->  Maize Flour 2kg,0.09838065661047027,0.4076286764705882,2.2658323964604334,0.09608957219251336,0.48936170212765956,3.3736640847141874,False
Onions 1kg  ->  Mozzarella 200g,0.01497338065661047,0.06204044117647059,1.2055099518255579,,,,True
Onions 1kg  ->  Pasta Sauce 400g,0.024733806566104702,0.10248161764705882,1.310601793909053,,,,True
Onions 1kg  ->  Rice 2kg,0.07109582963620231,0.294577205882353,2.5246274602997096,0.06383689839572193,0.32510638297872346,3.342674563135191,False
Onions 1kg  ->  Spaghetti 500g,0.03382874889086069,0.1401654411764706,1.2475139364729109,,,,True
Onions 1kg  ->  Tomatoes 1kg,0.1298802129547471,0.5381433823529411,2.4767231931057263,0.12566844919786097,0.64,3.4502342342342343,False
Pasta Sauce 400g  ->  Cheddar Cheese 200g,0.021184560780834073,0.27092198581560284,3.629468980852118,,,,True
Pasta Sauce 400g  ->  Mozzarella 200g,0.023735581188997337,0.30354609929078014,5.8982147224260215,,,,True
Pasta Sauce 400g  ->  Onions 1kg,0.024733806566104702,0.31631205673758866,1.310601793909053,,,,True
Pasta Sauce 400g  ->  Spaghetti 500g,0.06133540372670807,0.7843971631205674,6.981367051031624,,,,True
Peanut Butter 400g  ->  Brown Bread 400g,0.023181011535048802,0.2580246913580247,1.9194312023794973,0.011363636363636364,0.21656050955414013,3.153036713313807,False
Peanut Butter 400g  ->  Butter 250g,0.02406832298136646,0.2679012345679012,2.0178759656342504,0.012199197860962567,0.23248407643312102,3.242854809733791,False
Peanut Butter 400g  ->  Eggs Tray (30),0.030168589174800354,0.3358024691358024,1.9125679480280446,0.016878342245989306,0.32165605095541405,3.6523525785905075,False
Peanut Butter 400g  ->  Flavoured Yoghurt 250ml,0.026286601597160602,0.29259259259259257,1.9671997127627252,0.010528074866310161,0.20063694267515925,2.4552381696690246,False
Peanut Butter 400g  ->  Fresh Milk 500ml,0.0432564330079858,0.48148148148148145,1.3489860276684391,0.022560160427807487,0.42993630573248404,1.0878388386905644,False
Peanut Butter 400g  ->  Fruit Juice 1L,0.017635314995563443,0.1962962962962963,2.226172839506173,,,,True
Peanut Butter 400g  ->  Margarine 500g,0.019853593611357585,0.22098765432098763,1.726537860795515,0.0106951871657754,0.2038216560509554,1.650431379985003,False
Peanut Butter 400g  ->  Strawberry Jam 450g,0.02096273291925466,0.23333333333333334,2.593999177969585,0.014872994652406418,0.28343949044585987,4.804821277133216,False
Peanut Butter 400g  ->  White Bread 400g,0.0462511091393079,0.5148148148148148,1.7345180756242042,0.02289438502673797,0.43630573248407645,1.68550904014507,False
Potato Crisps 150g  ->  BBQ Sauce 375ml,0.0185226264418811,0.12518740629685157,2.8793103448275863,,,,True
Potato Crisps 150g  ->  Beef Sausages 500g,0.034494232475598935,0.2331334332833583,1.8373523028695442,,,,True
Potato Crisps 150g  ->  Bottled Water 1L,0.02673025732031943,0.18065967016491755,2.1688782772395427,0.02857620320855615,0.2714285714285714,4.35450019149751,False
Potato Crisps 150g  ->  Burger Buns 6pk,0.02040816326530612,0.13793103448275862,2.3158029923585692,,,,True
Potato Crisps 150g  ->  Cheddar Cheese 200g,0.014418811002661935,0.0974512743628186,1.3055285136035253,,,,True
Potato Crisps 150g  ->  Chicken Wings 1kg,0.02717391304347826,0.18365817091454273,2.6367230397540085,,,,True
Potato Crisps 150g  ->  Flavoured Yoghurt 250ml,0.03127772848269743,0.21139430284857572,1.4212759392116021,0.022393048128342245,0.2126984126984127,2.602837017560944,False
Potato Crisps 150g  ->  Salted Peanuts 200g,0.03194321206743567,0.21589205397301348,2.673740053050398,0.035929144385026736,0.3412698412698412,4.76027676027676,False
Potato Crisps 150g  ->  Soda 2L,0.06898846495119787,0.4662668665667166,2.65227890786468,0.05297459893048128,0.5031746031746032,4.2648680246413955,False
Queen Cakes 6pk  ->  Fresh Milk 500ml,0.03405057675244011,0.5531531531531532,1.5497914322028679,0.04879679144385027,0.7545219638242895,1.9091160386995976,False
Queen Cakes 6pk  ->  Ice Cream 1L,0.015638864241348714,0.25405405405405407,3.025827412617373,,,,True
Queen Cakes 6pk  ->  Margarine 500g,,,,0.01303475935828877,0.20155038759689925,1.63203994503362,False
Queen Cakes 6pk  ->  Sugar 1kg,0.02040816326530612,0.3315315315315315,2.1229320229320225,0.029913101604278076,0.46253229974160215,2.270544119486257,False
Queen Cakes 6pk  ->  Tea Leaves 250g,0.025842945874001776,0.4198198198198198,2.3731006241351067,0.042446524064171126,0.6563307493540053,2.4485556135501043,False
Queen Cakes 6pk  ->  White Bread 400g,0.022737355811889973,0.3693693693693693,1.2444821503117467,0.027406417112299464,0.42377260981912146,1.6370918638848437,False
Rice 2kg  ->  Cooking Oil 1L,0.049134871339840284,0.4211026615969582,2.5810072039144627,0.045287433155080214,0.46563573883161513,3.3815100256897876,False
Rice 2kg  ->  Maize Flour 2kg,0.050576752440106475,0.43346007604562736,2.4094180305964095,0.045287433155080214,0.46563573883161513,3.2100970750787847,False
Rice 2kg  ->  Onions 1kg,0.07109582963620231,0.6093155893536122,2.524627460299709,0.06383689839572193,0.6563573883161512,3.3426745631351906,False
Rice 2kg  ->  Tomatoes 1kg,0.06665927240461401,0.5712927756653993,2.629288241653517,0.0625,0.6426116838487973,3.4643137983344174,False
Salted Peanuts 200g  ->  Bottled Water 1L,0.01818988464951198,0.22527472527472528,2.7044965686776603,0.021557486631016042,0.30069930069930073,4.824087440709425,False
Salted Peanuts 200g  ->  Flavoured Yoghurt 250ml,0.021184560780834073,0.2623626373626374,1.7639534216715425,0.01871657754010695,0.26107226107226106,3.194798384982434,False
Salted Peanuts 200g  ->  Potato Crisps 150g,0.03194321206743567,0.3956043956043956,2.673740053050398,0.035929144385026736,0.5011655011655012,4.76027676027676,False
Salted Peanuts 200g  ->  Soda 2L,0.032830523513753325,0.40659340659340654,2.3128366901237563,0.03542780748663102,0.49417249417249426,4.188566862787827,False
Smoked Bacon 250g  ->  Beef Sausages 500g,0.033385093167701864,0.4966996699669967,3.9145491472224148,,,,True
Smoked Bacon 250g  ->  Brown Bread 400g,0.022293700088731144,0.3316831683168317,2.46737247982224,,,,True
Smoked Bacon 250g  ->  Butter 250g,0.0185226264418811,0.2755775577557756,2.0756952888271285,,,,True
Smoked Bacon 250g  ->  Eggs Tray (30),0.038930789707187226,0.5792079207920793,3.2988873113464225,0.01270053475935829,0.5801526717557252,6.587540014774685,False
Soda 2L  ->  BBQ Sauce 375ml,0.023957409050576754,0.1362776025236593,3.134384858044164,,,,True
Soda 2L  ->  Beef Sausages 500g,0.045141969831410826,0.2567823343848581,2.023732103858287,0.011363636363636364,0.0963172804532578,2.6438651662031867,False
Soda 2L  ->  Bottled Water 1L,0.029835847382431235,0.16971608832807572,2.0374970071450473,0.029411764705882353,0.24929178470254956,3.9993620366221356,False
Soda 2L  ->  Burger Buns 6pk,0.02883762200532387,0.1640378548895899,2.7541253252970996,,,,True
Soda 2L  ->  Cheddar Cheese 200g,0.018633540372670808,0.10599369085173503,1.4199689698651459,,,,True
Soda 2L  ->  Chicken Wings 1kg,0.03582519964507542,0.20378548895899054,2.9256846631437243,,,,True
Soda 2L  ->  Flavoured Yoghurt 250ml,0.03227595385980479,0.18359621451104102,1.2343799179951869,0.02289438502673797,0.19405099150141644,2.3746444440582333,False
Soda 2L  ->  Potato Crisps 150g,0.06898846495119787,0.39242902208201896,2.65227890786468,0.05297459893048128,0.4490084985835694,4.2648680246413955,False
Soda 2L  ->  Salted Peanuts 200g,0.032830523513753325,0.18675078864353312,2.3128366901237563,0.03542780748663102,0.3002832861189802,4.188566862787827,False
Spaghetti 500g  ->  Cheddar Cheese 200g,0.028948535936113576,0.25765054294175715,3.451675029959707,,,,True
Spaghetti 500g  ->  Mozzarella 200g,0.030168589174800354,0.26850937808489633,5.217414984511692,,,,True
Spaghetti 500g  ->  Onions 1kg,0.03382874889086069,0.30108588351431387,1.2475139364729109,,,,True
Spaghetti 500g  ->  Pasta Sauce 400g,0.06133540372670807,0.5459032576505429,6.981367051031625,,,,True
Strawberry Jam 450g  ->  Brown Bread 400g,0.03161047027506655,0.35141800246609123,2.614178803823662,0.018549465240641713,0.31444759206798867,4.578234527822006,False
Strawberry Jam 450g  ->  Butter 250g,0.030279503105590064,0.3366214549938348,2.535487918316136,0.019385026737967916,0.3286118980169972,4.583714680031961,False
Strawberry Jam 450g  ->  Eggs Tray (30),0.03782165039929015,0.4204685573366214,2.3947849102634104,0.024565508021390375,0.4164305949008499,4.728502238874166,False
Strawberry Jam 450g  ->  Fresh Milk 500ml,0.050244010647737355,0.5585696670776819,1.564967097070348,0.032921122994652406,0.5580736543909348,1.4120561301798538,False
Strawberry Jam 450g  ->  Margarine 500g,0.02717391304347826,0.30209617755856966,2.360224555344943,0.017045454545454544,0.28895184135977336,2.339767007708909,False
Strawberry Jam 450g  ->  Peanut Butter 400g,0.02096273291925466,0.23304562268803947,2.593999177969585,0.014872994652406418,0.2521246458923513,4.804821277133216,False
Strawberry Jam 450g  ->  White Bread 400g,0.048580301685891746,0.5400739827373613,1.8196214605231875,0.030414438502673797,0.5155807365439093,1.9917592817809902,False
Sugar 1kg  ->  Fresh Milk 500ml,0.10836291038154393,0.6938920454545454,1.9441052460590993,0.16544117647058823,0.8121410992616899,2.0549058511551594,False
Sugar 1kg  ->  Margarine 500g,0.029724933451641525,0.19034090909090906,1.4871002048211752,0.042279411764705885,0.20754716981132076,1.6805984629918045,False
Sugar 1kg  ->  Queen Cakes 6pk,0.02040816326530612,0.13068181818181818,2.1229320229320225,0.029913101604278076,0.14684167350287122,2.270544119486257,False
Sugar 1kg  ->  Tea Leaves 250g,0.08551464063886424,0.5475852272727273,3.0953156169848963,0.14204545454545456,0.6972928630024611,2.601371877934368,False
Sugar 1kg  ->  White Bread 400g,0.0694321206743567,0.44460227272727265,1.497957433075146,0.09525401069518717,0.4675963904840033,1.8063891547167694,False
Tea Leaves 250g  ->  Fresh Milk 500ml,0.1327639751552795,0.7504702194357367,2.102622591184774,0.2237633689839572,0.834788029925187,2.1122078524618684,False
Tea Leaves 250g  ->  Margarine 500g,0.0369343389529725,0.20877742946708466,1.63114151133036,0.058990641711229946,0.22007481296758102,1.7820401634614411,False
Tea Leaves 250g  ->  Queen Cakes 6pk,0.025842945874001776,0.14608150470219436,2.3731006241351067,0.042446524064171126,0.15835411471321695,2.4485556135501043,False
Tea Leaves 250g  ->  Sugar 1kg,0.08551464063886424,0.4833855799373041,3.095315616984896,0.14204545454545456,0.529925187032419,2.6013718779343686,False
Tea Leaves 250g  ->  White Bread 400g,0.08751109139307897,0.4946708463949843,1.66664886064917,0.12817513368983957,0.47817955112219446,1.8472733595320927,False
Toilet Paper 10pk  ->  Bar Soap 800g,0.0370452528837622,0.41907151819322463,4.156599348768001,0.029077540106951873,0.4915254237288136,7.280416177210941,False
Toilet Paper 10pk  ->  Washing Powder 1kg,0.04647293700088731,0.5257214554579674,4.651525654964705,0.035093582887700536,0.5932203389830508,7.426423657896603,False
Tomatoes 1kg  ->  Cooking Oil 1L,0.09383318544809229,0.43185298621745793,2.646897704783549,0.0875668449197861,0.47207207207207214,3.4282515525233976,False
Tomatoes 1kg  ->  Maize Flour 2kg,0.09605146406388643,0.44206227667177134,2.45723396206701,0.09241310160427807,0.4981981981981982,3.4345829700668413,False
Tomatoes 1kg  ->  Onions 1kg,0.1298802129547471,0.597753956100051,2.4767231931057263,0.12566844919786097,0.6774774774774776,3.4502342342342347,False
Tomatoes 1kg  ->  Rice 2kg,0.06665927240461401,0.3067891781521184,2.629288241653517,0.0625,0.33693693693693694,3.464313798334417,False
Washing Powder 1kg  ->  Bar Soap 800g,0.05290594498669033,0.4681059862610402,4.642952224564949,0.042112299465240643,0.5271966527196653,7.808774182857616,False
Washing Powder 1kg  ->  Toilet Paper 10pk,0.04647293700088731,0.4111874386653582,4.651525654964704,0.035093582887700536,0.43933054393305443,7.426423657896604,False
White Bread 400g  ->  Brown Bread 400g,0.061224489795918366,0.2062780269058296,1.5344906687978217,0.027573529411764705,0.1065203357004519,1.5508946200279907,False
White Bread 400g  ->  Butter 250g,0.06155723158828749,0.20739910313901347,1.5621640049301133,0.029411764705882353,0.11362169141381537,1.5848769263875786,False
White Bread 400g  ->  Eggs Tray (30),0.07830523513753328,0.26382660687593423,1.5026283560286942,0.03308823529411765,0.12782440284054228,1.4514254774151896,False
White Bread 400g  ->  Flavoured Yoghurt 250ml,0.05146406388642413,0.17339312406576982,1.1657810638157946,,,,True
White Bread 400g  ->  Fresh Milk 500ml,0.1653726708074534,0.5571748878923767,1.5610592881409784,0.1801470588235294,0.6959328599096192,1.7608719804224784,False
White Bread 400g  ->  Fruit Juice 1L,0.02961401952085182,0.09977578475336323,1.1315452519953746,0.010862299465240642,0.041962556488056815,1.230901656983,False
White Bread 400g  ->  Margarine 500g,0.06188997338065661,0.20852017937219733,1.6291316613689177,0.0563168449197861,0.21755971594577148,1.7616743440047316,False
White Bread 400g  ->  Peanut Butter 400g,0.0462511091393079,0.15582959641255606,1.7345180756242042,0.02289438502673797,0.08844415752098128,1.68550904014507,False
White Bread 400g  ->  Queen Cakes 6pk,0.022737355811889973,0.0766068759342302,1.2444821503117467,0.027406417112299464,0.10587475790832795,1.6370918638848437,False
White Bread 400g  ->  Strawberry Jam 450g,0.048580301685891746,0.16367713004484305,1.8196214605231873,0.030414438502673797,0.11749515816655907,1.9917592817809902,False
White Bread 400g  ->  Sugar 1kg,0.0694321206743567,0.23393124065769805,1.497957433075146,0.09525401069518717,0.3679793415106521,1.8063891547167696,False
White Bread 400g  ->  Tea Leaves 250g,0.08751109139307897,0.2948430493273543,1.66664886064917,0.12817513368983957,0.49515816655907036,1.8472733595320927,False
