"lhs","rhs","baskets","support","confidence","lift","leverage","conviction","p_value","significant"
"Baby Wipes","Diapers 40pk",359,0.0239333333333333,0.74020618556701,15.0448411700612,0.0223425333333333,3.6598253968254,0,TRUE
"Diapers 40pk","Baby Wipes",359,0.0239333333333333,0.486449864498645,15.0448411700612,0.0223425333333333,1.8842691292876,0,TRUE
"Mozzarella 200g + Spaghetti 500g","Pasta Sauce 400g",206,0.0137333333333333,0.700680272108844,13.5966417614911,0.01272328,3.16874090909091,2.29599406637298e-203,TRUE
"Cheddar Cheese 200g + Spaghetti 500g","Pasta Sauce 400g",178,0.0118666666666667,0.644927536231884,12.5147646099331,0.0109184533333333,2.67119183673469,3.37147690908312e-164,TRUE
"Ice Cream Cones","Ice Cream 1L",279,0.0186,0.709923664122137,12.3680080857515,0.01709612,3.24948947368421,1.60040322731337e-268,TRUE
"Ice Cream 1L","Ice Cream Cones",279,0.0186,0.32404181184669,12.3680080857515,0.01709612,1.44062164948454,1.60040322731334e-268,TRUE
"Mozzarella 200g + Pasta Sauce 400g","Spaghetti 500g",206,0.0137333333333333,0.88034188034188,11.86444582671,0.0125758133333333,7.73704285714286,2.9877131488142e-206,TRUE
"Cheddar Cheese 200g + Pasta Sauce 400g","Spaghetti 500g",178,0.0118666666666667,0.872549019607843,11.7594207494318,0.0108575466666667,7.26396923076923,7.53898672561574e-176,TRUE
"Beef Sausages 500g + Eggs Tray (30)","Smoked Bacon 250g",227,0.0151333333333333,0.566084788029925,11.5214000277461,0.0138198355555556,2.19136513409962,7.3160456268631e-199,TRUE
"Onions 1kg + Spaghetti 500g","Pasta Sauce 400g",191,0.0127333333333333,0.589506172839506,11.4393177135739,0.0116202133333333,2.31055037593985,9.76299049195045e-166,TRUE
"Beef Sausages 500g + Soda 2L","BBQ Sauce 375ml",162,0.0108,0.341052631578947,11.0492213254519,0.00982255555555556,1.47072949946752,7.5270044829658e-131,TRUE
"Beef Sausages 500g + Burger Buns 6pk","Chicken Wings 1kg",161,0.0107333333333333,0.534883720930233,10.9907613889774,0.00975675555555556,2.04536666666667,2.01686484252553e-133,TRUE
"Onions 1kg + Pasta Sauce 400g","Spaghetti 500g",191,0.0127333333333333,0.802521008403361,10.8156470135224,0.0115560266666667,4.68809361702128,1.30641369417011e-174,TRUE
"Pasta Sauce 400g","Spaghetti 500g",595,0.0396666666666667,0.769728331177232,10.373697185677,0.0358428933333333,4.02046853932584,0,TRUE
"Spaghetti 500g","Pasta Sauce 400g",595,0.0396666666666667,0.534591194968553,10.373697185677,0.0358428933333333,2.03792162162162,0,TRUE
"Burger Buns 6pk + Soda 2L","Chicken Wings 1kg",157,0.0104666666666667,0.501597444089457,10.3067967963587,0.00945115555555556,1.90876495726496,3.91398566723227e-124,TRUE
"Beef Sausages 500g + Chicken Wings 1kg","Burger Buns 6pk",161,0.0107333333333333,0.4375,10.25390625,0.00968657777777778,1.70192592592593,2.73659337133863e-125,TRUE
"Pasta Sauce 400g + Spaghetti 500g","Mozzarella 200g",206,0.0137333333333333,0.346218487394958,9.96790270810819,0.0123555777777778,1.47643616109683,1.11867477665078e-159,TRUE
"Fresh Milk 500ml + Pasta Sauce 400g","Spaghetti 500g",162,0.0108,0.733031674208145,9.87913307558147,0.00970678666666667,3.46782711864407,6.47947354080955e-136,TRUE
"Chicken Wings 1kg + Soda 2L","Burger Buns 6pk",157,0.0104666666666667,0.419786096256685,9.83873663101604,0.00940284444444445,1.64996620583717,1.51967682613749e-118,TRUE
"Fresh Milk 500ml + Spaghetti 500g","Pasta Sauce 400g",162,0.0108,0.504672897196262,9.79313513317455,0.00969718666666667,1.91482893081761,1.6263018864168e-124,TRUE
"Beef Sausages 500g + Potato Crisps 150g","Chicken Wings 1kg",165,0.011,0.46742209631728,9.60456362295782,0.00985471111111111,1.78628014184397,2.81419252067737e-124,TRUE
"BBQ Sauce 375ml","Chicken Wings 1kg",208,0.0138666666666667,0.449244060475162,9.23104233853073,0.0123644888888889,1.72732287581699,1.80691959023543e-154,TRUE
"Beef Sausages 500g + Soda 2L","Chicken Wings 1kg",211,0.0140666666666667,0.44421052631579,9.12761355443403,0.0125255555555556,1.71167929292929,1.3694215260617e-155,TRUE
"BBQ Sauce 375ml","Burger Buns 6pk",173,0.0115333333333333,0.373650107991361,8.75742440604752,0.0102163555555556,1.52843218390805,5.14877479221073e-121,TRUE
"Beef Sausages 500g + Soda 2L","Burger Buns 6pk",177,0.0118,0.372631578947368,8.73355263157895,0.0104488888888889,1.52595078299776,8.93072945060591e-124,TRUE
"Long-life Milk 1L + Natural Yoghurt 500ml","Breakfast Cereal 500g",208,0.0138666666666667,0.7003367003367,8.72512500419477,0.0122773866666667,3.06922247191011,1.92733253981199e-161,TRUE
"Pasta Sauce 400g","Mozzarella 200g",234,0.0156,0.302716688227684,8.71545167642086,0.0138100755555556,1.38432492269635,6.71390611231548e-169,TRUE
"Mozzarella 200g","Pasta Sauce 400g",234,0.0156,0.449136276391555,8.71545167642085,0.0138100755555556,1.72178095238095,6.71390611231471e-169,TRUE
"Chicken Wings 1kg","Burger Buns 6pk",254,0.0169333333333333,0.347945205479452,8.15496575342466,0.0148568888888889,1.46817927170868,2.16894686154753e-175,TRUE
"Burger Buns 6pk","Chicken Wings 1kg",254,0.0169333333333333,0.396875,8.15496575342466,0.0148568888888889,1.5773402417962,2.16894686154731e-175,TRUE
"Mozzarella 200g","Spaghetti 500g",294,0.0196,0.564299424184261,7.60511353348061,0.0170227866666667,2.12485374449339,2.96232415067633e-202,TRUE
"BBQ Sauce 375ml + Soda 2L","Beef Sausages 500g",162,0.0108,0.640316205533597,7.05194058957706,0.00926850666666667,2.52777582417582,2.67449088327994e-106,TRUE
"Bar Soap 800g + Toilet Paper 10pk","Washing Powder 1kg",354,0.0236,0.696850393700787,6.98246887475739,0.0202201066666667,2.96949090909091,1.80517854140739e-244,TRUE
"Burger Buns 6pk + Chicken Wings 1kg","Beef Sausages 500g",161,0.0107333333333333,0.633858267716535,6.98081792639356,0.00919578666666667,2.48319139784946,1.33471300366494e-104,TRUE
"Fresh Milk 500ml + Long-life Milk 1L","Breakfast Cereal 500g",271,0.0180666666666667,0.538767395626243,6.71221838404787,0.0153750577777778,1.99407701149425,3.74138099528461e-168,TRUE
"Chicken Wings 1kg + Potato Crisps 150g","Beef Sausages 500g",165,0.011,0.591397849462366,6.51319217469566,0.00931112,2.22514736842105,2.89153863910489e-100,TRUE
"Toilet Paper 10pk + Washing Powder 1kg","Bar Soap 800g",354,0.0236,0.562798092209857,6.42952885235937,0.0199294355555556,2.08706012121212,1.21217476614096e-218,TRUE
"Bar Soap 800g + Washing Powder 1kg","Toilet Paper 10pk",354,0.0236,0.48559670781893,6.32836717400864,0.01987076,1.7948304,1.76039570983355e-211,TRUE
"BBQ Sauce 375ml","Beef Sausages 500g",262,0.0174666666666667,0.565874730021598,6.23210055089866,0.0146639733333333,2.0943263681592,5.57488091014067e-155,TRUE
"Burger Buns 6pk + Soda 2L","Beef Sausages 500g",177,0.0118,0.565495207667732,6.2279207892922,0.00990530666666667,2.09249705882353,4.29970516287778e-103,TRUE
"Chicken Wings 1kg + Soda 2L","Beef Sausages 500g",211,0.0140666666666667,0.564171122994652,6.21333835897194,0.01180272,2.08613987730061,2.91477107787171e-123,TRUE
"Breakfast Cereal 500g + Natural Yoghurt 500ml","Long-life Milk 1L",208,0.0138666666666667,0.536082474226804,6.11966294779457,0.0116007466666667,1.96672888888889,1.07521187588615e-118,TRUE
"Natural Yoghurt 500ml","Granola 400g",455,0.0303333333333333,0.314009661835749,6.06977439115494,0.0253358933333333,1.3823323943662,2.61398151798477e-277,TRUE
"Granola 400g","Natural Yoghurt 500ml",455,0.0303333333333333,0.586340206185567,6.06977439115494,0.0253358933333333,2.18392024922118,2.61398151798479e-277,TRUE
"Eggs Tray (30) + Smoked Bacon 250g","Beef Sausages 500g",227,0.0151333333333333,0.531615925058548,5.85480093676815,0.01254856,1.941142,2.26048818021618e-125,TRUE
"Breakfast Cereal 500g + Fresh Milk 500ml","Long-life Milk 1L",271,0.0180666666666667,0.510357815442561,5.82600245938997,0.0149656266666667,1.86340153846154,2.92093716831773e-149,TRUE
"Long-life Milk 1L","Breakfast Cereal 500g",587,0.0391333333333333,0.446727549467275,5.56554255980825,0.0321019733333333,1.66235158184319,0,TRUE
"Breakfast Cereal 500g","Long-life Milk 1L",587,0.0391333333333333,0.487541528239203,5.56554255980825,0.0321019733333333,1.78043695299838,0,TRUE
"Bar Soap 800g","Washing Powder 1kg",729,0.0486,0.555217060167555,5.56329719606769,0.0398641733333333,2.02390856164384,0,TRUE
"Washing Powder 1kg","Bar Soap 800g",729,0.0486,0.486973947895792,5.56329719606769,0.0398641733333333,1.77859713541667,0,TRUE
"Chicken Wings 1kg","Beef Sausages 500g",368,0.0245333333333333,0.504109589041096,5.55186772071692,0.0201144,1.83346961325967,6.38751657268986e-199,TRUE
"Washing Powder 1kg","Toilet Paper 10pk",629,0.0419333333333333,0.420173680694723,5.47576473537866,0.0342753466666667,1.59231589861751,0,TRUE
"Toilet Paper 10pk","Washing Powder 1kg",629,0.0419333333333333,0.546481320590791,5.47576473537866,0.0342753466666667,1.98492375478927,0,TRUE
"Smoked Bacon 250g","Beef Sausages 500g",358,0.0238666666666667,0.485753052917232,5.34970322596071,0.01940536,1.76802216358839,6.36782891903221e-186,TRUE
"Fresh Milk 500ml + Washing Powder 1kg","Toilet Paper 10pk",164,0.0109333333333333,0.405940594059406,5.2902770728854,0.00886664888888889,1.55416555555556,1.36984050469471e-78,TRUE
"Bar Soap 800g + Fresh Milk 500ml","Washing Powder 1kg",183,0.0122,0.522857142857143,5.23904952762668,0.00987133333333333,1.88664670658683,2.40935420824624e-91,TRUE
"Burger Buns 6pk","Beef Sausages 500g",301,0.0200666666666667,0.4703125,5.17965308370044,0.0161925333333333,1.71648377581121,4.51421157194955e-149,TRUE
"Fresh Milk 500ml + Washing Powder 1kg","Bar Soap 800g",183,0.0122,0.452970297029703,5.1748320300423,0.00984243555555556,1.66803861236802,8.53176415155491e-88,TRUE
"Bottled Water 1L + Potato Crisps 150g","Salted Peanuts 200g",162,0.0108,0.393203883495146,5.09771672638477,0.00868140444444444,1.52088426666667,8.64167885185941e-75,TRUE
"Fresh Milk 500ml + Toilet Paper 10pk","Washing Powder 1kg",164,0.0109333333333333,0.504615384615385,5.05626637891167,0.008771,1.81717391304348,1.31048433125014e-78,TRUE
"Toilet Paper 10pk","Bar Soap 800g",508,0.0338666666666667,0.441355343179844,5.04214024957933,0.0271499422222222,1.6333579056506,1.0757443016975e-258,TRUE
"Bar Soap 800g","Toilet Paper 10pk",508,0.0338666666666667,0.386900228484387,5.04214024957933,0.0271499422222222,1.50589954451346,1.07574430169739e-258,TRUE
"Brown Bread 400g + Smoked Bacon 250g","Eggs Tray (30)",171,0.0114,0.697959183673469,4.96179514459812,0.00910244444444444,2.84509009009009,1.33398544866047e-89,TRUE
"Bottled Water 1L + Soda 2L","Salted Peanuts 200g",168,0.0112,0.37752808988764,4.89448690433415,0.00891171111111111,1.48258363417569,1.94711481872056e-74,TRUE
"Cheddar Cheese 200g","Spaghetti 500g",276,0.0184,0.356129032258065,4.79958264498739,0.0145663333333333,1.43786573146293,8.18314956272426e-123,TRUE
"Beef Sausages 500g + Smoked Bacon 250g","Eggs Tray (30)",227,0.0151333333333333,0.634078212290503,4.5076650162832,0.0117760888888889,2.34840712468193,7.96828215069179e-106,TRUE
"Fresh Milk 500ml + Natural Yoghurt 500ml","Breakfast Cereal 500g",175,0.0116666666666667,0.354969574036511,4.42237841407614,0.00902856888888889,1.42587589098532,6.60930017927192e-70,TRUE
"Salted Peanuts 200g + Soda 2L","Bottled Water 1L",168,0.0112,0.330708661417323,4.41337181606748,0.00866225777777778,1.38215843137255,2.24408854770053e-66,TRUE
"Eggs Tray (30) + Margarine 500g","Strawberry Jam 450g",154,0.0102666666666667,0.334782608695652,4.31420887494397,0.00788693333333333,1.38661437908497,2.17843000962408e-59,TRUE
"Salted Peanuts 200g + Soda 2L","Potato Crisps 150g",286,0.0190666666666667,0.562992125984252,4.29983802941129,0.0146323911111111,1.98867507507508,1.50758823618315e-123,TRUE
"Potato Crisps 150g + Salted Peanuts 200g","Bottled Water 1L",162,0.0108,0.3220675944334,4.29805508585498,0.00828723555555556,1.36454115347019,4.55874558300831e-62,TRUE
"Brown Bread 400g + White Bread 400g","Strawberry Jam 450g",236,0.0157333333333333,0.329149232914923,4.24161382622324,0.0120240533333333,1.37497047817048,5.63710042876094e-91,TRUE
"Bottled Water 1L + Salted Peanuts 200g","Potato Crisps 150g",162,0.0108,0.552901023890785,4.22276749407422,0.00824243555555556,1.9437903307888,1.52884779924223e-67,TRUE
"Beef Sausages 500g + Brown Bread 400g","Eggs Tray (30)",150,0.01,0.588235294117647,4.18176749372735,0.00760866666666667,2.08695238095238,3.16856128214812e-63,TRUE
"Bottled Water 1L + Soda 2L","Potato Crisps 150g",242,0.0161333333333333,0.543820224719101,4.15341312158173,0.0122489777777778,1.90509688013136,1.87084121248736e-99,TRUE
"Smoked Bacon 250g","Eggs Tray (30)",427,0.0284666666666667,0.579375848032564,4.1187856495206,0.0215552444444444,2.04299569892473,2.66046505238586e-182,TRUE
"Brown Bread 400g + Fresh Milk 500ml","Strawberry Jam 450g",234,0.0156,0.317073170731707,4.0859944681921,0.01178208,1.35065714285714,2.34158970904098e-86,TRUE
"Fresh Milk 500ml + Peanut Butter 400g","Strawberry Jam 450g",166,0.0110666666666667,0.316190476190476,4.07461953853706,0.00835066666666667,1.34891364902507,4.59686829549802e-60,TRUE
"Butter 250g + Fresh Milk 500ml","Strawberry Jam 450g",235,0.0156666666666667,0.314591700133869,4.05401675430243,0.0118021866666667,1.3457671875,5.86243304013932e-86,TRUE
"BBQ Sauce 375ml + Beef Sausages 500g","Soda 2L",162,0.0108,0.618320610687023,4.04836715857937,0.00813225777777778,2.21983866666667,1.98991617078766e-67,TRUE
"Burger Buns 6pk + Chicken Wings 1kg","Soda 2L",157,0.0104666666666667,0.618110236220472,4.04698976137367,0.00788038222222222,2.21861580756014,2.56558062284162e-65,TRUE
"Butter 250g + White Bread 400g","Strawberry Jam 450g",228,0.0152,0.311901504787962,4.01934928850466,0.0114182933333333,1.34050576540755,2.1479536794861e-82,TRUE
"Eggs Tray (30) + White Bread 400g","Strawberry Jam 450g",279,0.0186,0.308628318584071,3.97716905391844,0.0139233066666667,1.33415936,3.6636866341732e-101,TRUE
"Eggs Tray (30) + Fresh Milk 500ml","Strawberry Jam 450g",290,0.0193333333333333,0.307203389830508,3.95880656998078,0.0144497066666667,1.33141529051988,5.76383524025183e-105,TRUE
"Fruit Juice 1L + White Bread 400g","Flavoured Yoghurt 250ml",160,0.0106666666666667,0.481927710843373,3.95022713806044,0.0079664,1.69474418604651,4.53820795293989e-60,TRUE
"Potato Crisps 150g + Soda 2L","Salted Peanuts 200g",286,0.0190666666666667,0.30457933972311,3.94873819865743,0.01423812,1.32706248085758,4.82110224810398e-103,TRUE
"Beef Sausages 500g + Burger Buns 6pk","Soda 2L",177,0.0118,0.588039867109635,3.8501082525729,0.00873515111111111,2.05667150537634,8.90914230368797e-69,TRUE
"Bottled Water 1L + Potato Crisps 150g","Soda 2L",242,0.0161333333333333,0.587378640776699,3.84577896623766,0.0119382577777778,2.05337568627451,2.85042689003802e-94,TRUE
"Chicken Wings 1kg + Potato Crisps 150g","Soda 2L",163,0.0108666666666667,0.584229390681004,3.82515969455044,0.00802582666666667,2.0378224137931,9.30194845047294e-63,TRUE
"Flavoured Yoghurt 250ml + Soda 2L","Potato Crisps 150g",211,0.0140666666666667,0.492990654205608,3.76520357081676,0.0103307022222222,1.71410384024578,5.59712584774467e-76,TRUE
"Bottled Water 1L + Salted Peanuts 200g","Soda 2L",168,0.0112,0.573378839590444,3.7541172386978,0.00821660888888889,1.98599306666667,5.18767437968996e-63,TRUE
"Beef Sausages 500g + Chicken Wings 1kg","Soda 2L",211,0.0140666666666667,0.573369565217391,3.75405651604577,0.0103196088888889,1.98594989384289,2.87039388147754e-79,TRUE
"Potato Crisps 150g + Salted Peanuts 200g","Soda 2L",286,0.0190666666666667,0.568588469184891,3.72275296279937,0.0139450088888889,1.96394070660522,5.97088958476657e-107,TRUE
"Eggs Tray (30) + Smoked Bacon 250g","Brown Bread 400g",171,0.0114,0.400468384074941,3.7011865441307,0.00831990666666667,1.48749453125,1.56456664342093e-57,TRUE
"Breakfast Cereal 500g + Long-life Milk 1L","Natural Yoghurt 500ml",208,0.0138666666666667,0.354344122657581,3.66815861964369,0.0100863866666667,1.39919736147757,2.78458585271679e-68,TRUE
"Eggs Tray (30) + Strawberry Jam 450g","Butter 250g",193,0.0128666666666667,0.395491803278689,3.6484483697296,0.00934005333333333,1.47491796610169,7.0635889137877e-64,TRUE
"Beef Sausages 500g + Potato Crisps 150g","Soda 2L",194,0.0129333333333333,0.54957507082153,3.59826541349758,0.00933900888888889,1.88103857442348,1.47678804520915e-68,TRUE
"Brown Bread 400g + Butter 250g","Eggs Tray (30)",244,0.0162666666666667,0.504132231404959,3.58387842231013,0.0117278222222222,1.73298888888889,5.93405866111084e-84,TRUE
"BBQ Sauce 375ml","Soda 2L",253,0.0168666666666667,0.546436285097192,3.57771465580877,0.0121522977777778,1.86802126984127,4.55307675921974e-89,TRUE
"Eggs Tray (30) + Margarine 500g","Butter 250g",178,0.0118666666666667,0.38695652173913,3.56970961013958,0.0085424,1.4543829787234,3.929734472182e-57,TRUE
"Brown Bread 400g + Eggs Tray (30)","Butter 250g",244,0.0162666666666667,0.382445141065831,3.52809170724936,0.0116560533333333,1.44375837563452,8.27026422351717e-78,TRUE
"Butter 250g + Strawberry Jam 450g","Eggs Tray (30)",193,0.0128666666666667,0.496143958868895,3.52708975499214,0.00921871111111111,1.70551360544218,1.23729969958679e-64,TRUE
"Strawberry Jam 450g + White Bread 400g","Brown Bread 400g",236,0.0157333333333333,0.380645161290323,3.51797746109355,0.0112610666666667,1.43988541666667,7.74603504042574e-75,TRUE
"Maize Flour 2kg + Rice 2kg","Tomatoes 1kg",518,0.0345333333333333,0.71251719394773,3.48248872897229,0.0246170533333333,2.76677416267943,1.21690402608115e-203,TRUE
"Diapers 40pk","Long-life Milk 1L",224,0.0149333333333333,0.303523035230352,3.46487483139672,0.0106234133333333,1.31002178988327,9.72636854907931e-68,TRUE
"Beef Sausages 500g + Eggs Tray (30)","Brown Bread 400g",150,0.01,0.374064837905237,3.45716116363435,0.00710745333333333,1.42474820717131,5.19263789172754e-46,TRUE
"Cooking Oil 1L + Rice 2kg","Tomatoes 1kg",505,0.0336666666666667,0.707282913165266,3.45690573394558,0.0239277066666667,2.7172995215311,7.28765130842787e-196,TRUE
"Onions 1kg + Rice 2kg","Tomatoes 1kg",722,0.0481333333333333,0.705767350928641,3.44949829388388,0.0341796133333333,2.70330299003322,8.60595167866591e-287,TRUE
"Onions 1kg + Tomatoes 1kg","Rice 2kg",722,0.0481333333333333,0.375455018200728,3.44664949388673,0.03416808,1.42674537885096,1.09387039552798e-255,TRUE
"Beef Sausages 500g + Chicken Wings 1kg","Potato Crisps 150g",165,0.011,0.448369565217391,3.42441113964403,0.00778776888888889,1.57545090311987,5.95143501264336e-52,TRUE
"Breakfast Cereal 500g + Fresh Milk 500ml","Natural Yoghurt 500ml",175,0.0116666666666667,0.329566854990584,3.41166516553399,0.00824702666666667,1.34748707865169,6.65759127694047e-52,TRUE
"Cooking Oil 1L + Maize Flour 2kg","Tomatoes 1kg",736,0.0490666666666667,0.697630331753554,3.40972791668404,0.0346764666666667,2.63055485893417,1.7496905299825e-287,TRUE
"Eggs Tray (30) + Strawberry Jam 450g","Brown Bread 400g",180,0.012,0.368852459016393,3.40898760643617,0.00847989333333333,1.41298181818182,3.05444304092205e-54,TRUE
"Maize Flour 2kg + Rice 2kg","Cooking Oil 1L",378,0.0252,0.519944979367263,3.39833319847884,0.0177846,1.76438108882521,1.4526261409343e-125,TRUE
"Brown Bread 400g + White Bread 400g","Butter 250g",264,0.0176,0.368200836820084,3.39668668653214,0.01241848,1.41120794701987,3.26547631795604e-80,TRUE
"Strawberry Jam 450g + White Bread 400g","Butter 250g",228,0.0152,0.367741935483871,3.3924532793715,0.0107194666666667,1.41018367346939,1.07228941136541e-68,TRUE
"Butter 250g + Eggs Tray (30)","Brown Bread 400g",244,0.0162666666666667,0.366917293233083,3.39110252525954,0.0114698,1.40866270783848,1.15875283967105e-73,TRUE
"Maize Flour 2kg + Tomatoes 1kg","Cooking Oil 1L",736,0.0490666666666667,0.518675123326286,3.39003348579272,0.0345928666666667,1.7597262079063,1.07675514631484e-260,TRUE
"Rice 2kg + Tomatoes 1kg","Cooking Oil 1L",505,0.0336666666666667,0.517948717948718,3.38528573822692,0.0237216666666667,1.75707446808511,1.76467283870789e-170,TRUE
"Cooking Oil 1L + Onions 1kg","Tomatoes 1kg",982,0.0654666666666667,0.692524682651622,3.38477361999815,0.0461251466666667,2.58687431192661,0,TRUE
"Maize Flour 2kg + Onions 1kg","Rice 2kg",539,0.0359333333333333,0.368673050615595,3.38439152951893,0.0253159644444444,1.41141870711448,2.11476521628429e-175,TRUE
"Cooking Oil 1L + Tomatoes 1kg","Rice 2kg",505,0.0336666666666667,0.368613138686131,3.38384154240635,0.0237174222222222,1.41128477842004,1.32739504721621e-162,TRUE
"Maize Flour 2kg + Onions 1kg","Cooking Oil 1L",755,0.0503333333333333,0.516415868673051,3.37526711551014,0.0354209333333333,1.75150495049505,7.87104299072161e-267,TRUE
"Maize Flour 2kg + Onions 1kg","Tomatoes 1kg",1006,0.0670666666666667,0.688098495212038,3.36314025030322,0.0471249866666667,2.55016403508772,0,TRUE
"Chicken Wings 1kg","Soda 2L",374,0.0249333333333333,0.512328767123288,3.35440048312934,0.0175003111111111,1.73737265917603,1.01763357555419e-121,TRUE
"Maize Flour 2kg + Tomatoes 1kg","Rice 2kg",518,0.0345333333333333,0.365045806906272,3.35109369864999,0.02422824,1.40335582685905,3.11954544719242e-165,TRUE
"Margarine 500g + Sugar 1kg","Tea Leaves 250g",371,0.0247333333333333,0.712092130518234,3.33897529158284,0.0173258711111111,2.73258711111111,5.14952798474298e-137,TRUE
"Butter 250g + White Bread 400g","Brown Bread 400g",264,0.0176,0.361149110807114,3.33779215163691,0.0123270533333333,1.39594389721627,3.00553583378761e-78,TRUE
"Onions 1kg + Tomatoes 1kg","Cooking Oil 1L",982,0.0654666666666667,0.510660426417057,3.33764984586312,0.0458520666666667,1.73090435706695,0,TRUE
"Breakfast Cereal 500g","Natural Yoghurt 500ml",388,0.0258666666666667,0.322259136212625,3.3360159028222,0.0181129066666667,1.33295784313725,1.4380892671189e-117,TRUE
"Fresh Milk 500ml + Strawberry Jam 450g","Butter 250g",235,0.0156666666666667,0.361538461538462,3.33522565994891,0.0109693333333333,1.39648192771084,3.25071689941039e-69,TRUE
"Queen Cakes 6pk + Sugar 1kg","Tea Leaves 250g",258,0.0172,0.710743801652893,3.33265302431803,0.0120389466666667,2.71984952380952,3.52879224740526e-94,TRUE
"Chicken Wings 1kg + Soda 2L","Potato Crisps 150g",163,0.0108666666666667,0.435828877005348,3.3286319526885,0.00760206222222222,1.54043096366509,2.87806949145994e-49,TRUE
"Fresh Milk 500ml + Strawberry Jam 450g","Brown Bread 400g",234,0.0156,0.36,3.3271719038817,0.0109113333333333,1.3934375,1.18026983250241e-68,TRUE
"Flavoured Yoghurt 250ml + Potato Crisps 150g","Soda 2L",211,0.0140666666666667,0.507211538461538,3.32089614880972,0.00983086222222222,1.71933138211382,2.5207584786997e-66,TRUE
"Salted Peanuts 200g","Potato Crisps 150g",503,0.0335333333333333,0.434745030250648,3.32035410069232,0.0234340088888889,1.53747726809378,2.80016371128979e-160,TRUE
"Maize Flour 2kg + Rice 2kg","Onions 1kg",539,0.0359333333333333,0.741403026134801,3.31872437840108,0.02510588,3.00312872340426,5.87235948875731e-206,TRUE
"Rice 2kg + Tomatoes 1kg","Onions 1kg",722,0.0481333333333333,0.740512820512821,3.31473957257306,0.0336123333333333,2.99282608695652,3.88608986915878e-281,TRUE
"Fresh Milk 500ml + Sugar 1kg","Tea Leaves 250g",1388,0.0925333333333333,0.705643111337061,3.3087360644126,0.0645669644444444,2.6727192861255,0,TRUE
"Eggs Tray (30) + White Bread 400g","Butter 250g",323,0.0215333333333333,0.357300884955752,3.29613362505306,0.0150004266666667,1.3872743545611,2.56188947897967e-95,TRUE
"Cooking Oil 1L + Onions 1kg","Rice 2kg",509,0.0339333333333333,0.358956276445698,3.29519225623346,0.0236355022222222,1.39002478914558,3.46392488074815e-158,TRUE
"Cooking Oil 1L + Maize Flour 2kg","Rice 2kg",378,0.0252,0.358293838862559,3.28911112786927,0.0175383555555556,1.3885898572132,7.79318349956465e-113,TRUE
"Sugar 1kg + White Bread 400g","Tea Leaves 250g",831,0.0554,0.694816053511706,3.25796836595048,0.0383955377777778,2.57789881278539,3.892012556481e-311,TRUE
"Fruit Juice 1L","Flavoured Yoghurt 250ml",397,0.0264666666666667,0.397397397397397,3.25735571637211,0.0183414666666667,1.45701328903655,6.71354774625595e-119,TRUE
"Onions 1kg + Rice 2kg","Cooking Oil 1L",509,0.0339333333333333,0.497556207233627,3.25200135446815,0.0234987333333333,1.68576070038911,5.93554217086077e-162,TRUE
"Cooking Oil 1L + Tomatoes 1kg","Maize Flour 2kg",736,0.0490666666666667,0.537226277372263,3.23630287573652,0.0339053333333333,1.80217665615142,2.78391595090558e-247,TRUE
"Brown Bread 400g + Strawberry Jam 450g","Eggs Tray (30)",180,0.012,0.454545454545455,3.2313657906075,0.0082864,1.57544444444444,5.30619756098451e-53,TRUE
"Cooking Oil 1L + Tomatoes 1kg","Onions 1kg",982,0.0654666666666667,0.716788321167883,3.20854217174522,0.0450628,2.74211855670103,0,TRUE
"Cooking Oil 1L + Onions 1kg","Maize Flour 2kg",755,0.0503333333333333,0.532440056417489,3.20747021938247,0.0346408,1.78372850678733,3.6759657882743e-251,TRUE
"Cooking Oil 1L + Maize Flour 2kg","Onions 1kg",755,0.0503333333333333,0.71563981042654,3.20340112097825,0.0346208666666667,2.73104333333333,2.6364197811173e-278,TRUE
"Burger Buns 6pk","Soda 2L",313,0.0208666666666667,0.4890625,3.2020678742907,0.0143500444444444,1.65825891946993,4.62444106966457e-94,TRUE
"Fresh Milk 500ml + Queen Cakes 6pk","Tea Leaves 250g",409,0.0272666666666667,0.682804674457429,3.20164742633993,0.0187502177777778,2.48028035087719,3.99548548953254e-141,TRUE
"Rice 2kg + Tomatoes 1kg","Maize Flour 2kg",518,0.0345333333333333,0.531282051282051,3.20049428483163,0.0237433333333333,1.77932166301969,2.33140499384126e-164,TRUE
"Strawberry Jam 450g + White Bread 400g","Eggs Tray (30)",279,0.0186,0.45,3.19905213270142,0.0127857777777778,1.56242424242424,1.20734580166531e-81,TRUE
"Cooking Oil 1L + Rice 2kg","Onions 1kg",509,0.0339333333333333,0.712885154061625,3.19107051952383,0.0232994933333333,2.70484097560976,4.79333784699583e-181,TRUE
"Cooking Oil 1L + Rice 2kg","Maize Flour 2kg",378,0.0252,0.529411764705882,3.18922749822821,0.0172984,1.77225,1.17281998181329e-116,TRUE
"Butter 250g + Margarine 500g","Eggs Tray (30)",178,0.0118666666666667,0.448362720403023,3.18741270428689,0.00814368888888889,1.55778691019787,2.46187919197103e-51,TRUE
"Onions 1kg + Rice 2kg","Maize Flour 2kg",539,0.0359333333333333,0.526881720430108,3.17398626765125,0.0246121333333333,1.76277272727273,2.00040990515108e-169,TRUE
"Maize Flour 2kg + Tomatoes 1kg","Onions 1kg",1006,0.0670666666666667,0.708949964763918,3.17345552714377,0.0459330266666667,2.66826973365617,0,TRUE
"Fresh Milk 500ml + Strawberry Jam 450g","Eggs Tray (30)",290,0.0193333333333333,0.446153846153846,3.1717098067809,0.0132377777777778,1.55157407407407,6.86833801884402e-84,TRUE
"Margarine 500g + Strawberry Jam 450g","Eggs Tray (30)",154,0.0102666666666667,0.443804034582133,3.15500498518104,0.00701257777777778,1.54501899827288,9.61560157001679e-44,TRUE
"Onions 1kg + Tomatoes 1kg","Maize Flour 2kg",1006,0.0670666666666667,0.523140925637026,3.15145135925919,0.0457854666666667,1.74894438386041,0,TRUE
"Strawberry Jam 450g","Brown Bread 400g",396,0.0264,0.34020618556701,3.14423461707034,0.01800368,1.351634375,2.94815473701593e-111,TRUE
"Butter 250g + White Bread 400g","Eggs Tray (30)",323,0.0215333333333333,0.441860465116279,3.14118814063705,0.0146781777777778,1.53963888888889,1.57015749419742e-92,TRUE
"Potato Crisps 150g","Soda 2L",939,0.0626,0.478105906313646,3.13033111946953,0.0426021155555556,1.62344559349594,4.19997676885263e-310,TRUE
"Soda 2L","Potato Crisps 150g",939,0.0626,0.40986468790921,3.13033111946953,0.0426021155555556,1.47265660749507,4.1999767688548e-310,TRUE
"Fresh Milk 500ml + Tea Leaves 250g","Sugar 1kg",1388,0.0925333333333333,0.547318611987382,3.12515385603758,0.0629241244444444,1.82217932636469,0,TRUE
"Brown Bread 400g + Margarine 500g","Eggs Tray (30)",155,0.0103333333333333,0.439093484419263,3.12151766174832,0.00702297777777778,1.53204377104377,2.6056167633875e-43,TRUE
"Beef Sausages 500g + Soda 2L","Potato Crisps 150g",194,0.0129333333333333,0.408421052631579,3.11930539178904,0.00878711111111111,1.46906287069988,2.8177277495311e-53,TRUE
"BBQ Sauce 375ml","Potato Crisps 150g",189,0.0126,0.408207343412527,3.1176731930692,0.00855852444444444,1.46853236009732,7.56626210759295e-52,TRUE
"Eggs Tray (30) + Margarine 500g","Brown Bread 400g",155,0.0103333333333333,0.33695652173913,3.11420075544483,0.0070152,1.34500983606557,5.8347997400671e-41,TRUE
"Queen Cakes 6pk + White Bread 400g","Tea Leaves 250g",244,0.0162666666666667,0.661246612466125,3.10056242169174,0.0110203066666667,2.3224368,1.25405956899966e-78,TRUE
"Eggs Tray (30) + Fresh Milk 500ml","Butter 250g",316,0.0210666666666667,0.334745762711864,3.08806054162237,0.0142446933333333,1.34023949044586,1.23198597435718e-84,TRUE
"Margarine 500g + Tea Leaves 250g","Sugar 1kg",371,0.0247333333333333,0.540816326530612,3.08802622685922,0.0167239022222222,1.7963762962963,1.81988920745183e-110,TRUE
"Eggs Tray (30) + White Bread 400g","Brown Bread 400g",302,0.0201333333333333,0.334070796460177,3.08753046636023,0.01361248,1.33918139534884,1.40684459246454e-80,TRUE
"Strawberry Jam 450g","Butter 250g",389,0.0259333333333333,0.334192439862543,3.08295608729283,0.0175214933333333,1.33912567741935,5.9101732972606e-106,TRUE
"Smoked Bacon 250g","Brown Bread 400g",245,0.0163333333333333,0.332428765264586,3.07235457730671,0.0110171066666667,1.33588739837398,4.2394204269934e-64,TRUE
"Tea Leaves 250g + White Bread 400g","Sugar 1kg",831,0.0554,0.534061696658098,3.04945772739683,0.0372328355555556,1.77033452873563,3.37324838270121e-262,TRUE
"Queen Cakes 6pk + Tea Leaves 250g","Sugar 1kg",258,0.0172,0.529774127310062,3.0249759838793,0.0115140044444444,1.75419243085881,2.40389011240653e-73,TRUE
"Butter 250g + Fresh Milk 500ml","Eggs Tray (30)",316,0.0210666666666667,0.423025435073628,3.0072898227983,0.0140614666666667,1.48937819025522,1.89233458238006e-84,TRUE
"Brown Bread 400g + White Bread 400g","Eggs Tray (30)",302,0.0201333333333333,0.421199442119944,2.99430883023657,0.0134094666666667,1.48467951807229,5.66410485442196e-80,TRUE
"Strawberry Jam 450g","Eggs Tray (30)",488,0.0325333333333333,0.419243986254296,2.98040748522011,0.0216176,1.47968047337278,5.68128573172904e-133,TRUE
"Eggs Tray (30) + Fresh Milk 500ml","Brown Bread 400g",299,0.0199333333333333,0.316737288135593,2.92733168332341,0.0131239466666667,1.3052080620155,1.89641885841886e-73,TRUE
"Fresh Milk 500ml + Queen Cakes 6pk","Sugar 1kg",307,0.0204666666666667,0.512520868113522,2.92646099037032,0.0134730088888889,1.69210662100457,6.31773180735082e-83,TRUE
"Chicken Wings 1kg","Potato Crisps 150g",279,0.0186,0.382191780821918,2.91897999609408,0.0122279111111111,1.40669327420547,1.06074680130824e-69,TRUE
"Tomatoes 1kg","Cooking Oil 1L",1370,0.0913333333333333,0.446399478657543,2.91764365135649,0.0600295333333333,1.529984108299,0,TRUE
"Cooking Oil 1L","Tomatoes 1kg",1370,0.0913333333333333,0.596949891067538,2.91764365135649,0.0600295333333333,1.97345189189189,0,TRUE
"Tomatoes 1kg","Rice 2kg",975,0.065,0.317693059628543,2.91639895619838,0.04271224,1.30596160458453,7.44954225988245e-305,TRUE
"Rice 2kg","Tomatoes 1kg",975,0.065,0.596695226438189,2.91639895619838,0.04271224,1.97220576631259,7.44954225988311e-305,TRUE
"Butter 250g","Eggs Tray (30)",665,0.0443333333333333,0.408979089790898,2.90743428761302,0.0290850666666667,1.45398126951093,9.93099436924898e-182,TRUE
"Eggs Tray (30)","Butter 250g",665,0.0443333333333333,0.315165876777251,2.90743428761302,0.0290850666666667,1.30192110726644,9.93099436924863e-182,TRUE
"Flavoured Yoghurt 250ml + Onions 1kg","Cooking Oil 1L",155,0.0103333333333333,0.442857142857143,2.89449112978525,0.00676333333333333,1.52025641025641,3.07574607726904e-39,TRUE
"Tea Leaves 250g","Sugar 1kg",1621,0.108066666666667,0.506720850265708,2.89334326379354,0.0707165644444444,1.6722106886354,0,TRUE
"Sugar 1kg","Tea Leaves 250g",1621,0.108066666666667,0.617053673391702,2.89334326379354,0.0707165644444444,2.05442193505633,0,TRUE
"Brown Bread 400g + Fresh Milk 500ml","Eggs Tray (30)",299,0.0199333333333333,0.405149051490515,2.88020652718376,0.0130125333333333,1.44461958997722,2.73831897754741e-74,TRUE
"Salted Peanuts 200g","Soda 2L",508,0.0338666666666667,0.439066551426102,2.87472643884397,0.0220858355555556,1.51045844889574,7.28123867291953e-133,TRUE
"Rice 2kg","Cooking Oil 1L",714,0.0476,0.436964504283966,2.85597715218278,0.0309332,1.50434565217391,2.05230329607456e-193,TRUE
"Cooking Oil 1L","Rice 2kg",714,0.0476,0.311111111111111,2.85597715218278,0.0309332,1.29348387096774,2.05230329607453e-193,TRUE
"Fresh Milk 500ml + Peanut Butter 400g","Brown Bread 400g",162,0.0108,0.308571428571429,2.8518616318986,0.007013,1.28979338842975,2.2600576953341e-37,TRUE
"Peanut Butter 400g + White Bread 400g","Brown Bread 400g",170,0.0113333333333333,0.306859205776173,2.83603702196094,0.00733714666666667,1.28660729166667,7.10108760140136e-39,TRUE
"Potato Crisps 150g + White Bread 400g","Soda 2L",167,0.0111333333333333,0.429305912596401,2.81082003009429,0.00717244888888889,1.48462492492492,3.40623594314432e-40,TRUE
"Tomatoes 1kg","Onions 1kg",1923,0.1282,0.626588465298143,2.8047827452916,0.08249236,2.07974293193717,0,TRUE
"Onions 1kg","Tomatoes 1kg",1923,0.1282,0.573858549686661,2.8047827452916,0.08249236,1.86651638655462,0,TRUE
"Rice 2kg","Onions 1kg",1023,0.0682,0.626070991432069,2.80246638957954,0.0438642933333333,2.07686481178396,3.76322861217452e-309,TRUE
"Onions 1kg","Rice 2kg",1023,0.0682,0.305282005371531,2.80246638957954,0.0438642933333333,1.28263075601375,3.76322861217468e-309,TRUE
"Brown Bread 400g + Fresh Milk 500ml","Butter 250g",224,0.0149333333333333,0.303523035230352,2.80002800028,0.00960005333333333,1.28015719844358,1.84785290680282e-50,TRUE
"Bottled Water 1L","Potato Crisps 150g",412,0.0274666666666667,0.366548042704626,2.79950134448544,0.0176553955555556,1.37195355805243,1.14092301859306e-98,TRUE
"Brown Bread 400g","Eggs Tray (30)",638,0.0425333333333333,0.393099199014171,2.79454406882112,0.0273132,1.41593705583756,2.59992005919033e-162,TRUE
"Eggs Tray (30)","Brown Bread 400g",638,0.0425333333333333,0.302369668246446,2.79454406882112,0.0273132,1.27832744565217,2.59992005919023e-162,TRUE
"Fresh Milk 500ml + Peanut Butter 400g","Butter 250g",159,0.0106,0.302857142857143,2.79388508170796,0.006806,1.27893442622951,1.72865710495337e-35,TRUE
"Maize Flour 2kg + Sugar 1kg","Tea Leaves 250g",168,0.0112,0.595744680851064,2.79342613715722,0.00719058666666667,1.9461298245614,5.75833029020346e-45,TRUE
"Cooking Oil 1L + Flavoured Yoghurt 250ml","Onions 1kg",155,0.0103333333333333,0.622489959839357,2.78643670474198,0.00662489333333333,2.05716382978723,2.65911522263859e-42,TRUE
"Maize Flour 2kg","Tomatoes 1kg",1419,0.0946,0.569879518072289,2.78533488793885,0.0606364,1.84924929971989,0,TRUE
"Tomatoes 1kg","Maize Flour 2kg",1419,0.0946,0.462365591397849,2.78533488793885,0.0606364,1.55124,0,TRUE
"Tea Leaves 250g + Tomatoes 1kg","Sugar 1kg",198,0.0132,0.487684729064039,2.7846482436089,0.00845972444444444,1.61007628205128,9.8271035991394e-49,TRUE
"Maize Flour 2kg","Cooking Oil 1L",1055,0.0703333333333333,0.423694779116466,2.76924692232984,0.0449353333333333,1.46970731707317,4.08427576616748e-297,TRUE
"Cooking Oil 1L","Maize Flour 2kg",1055,0.0703333333333333,0.459694989106754,2.76924692232984,0.0449353333333333,1.54357258064516,4.08427576616778e-297,TRUE
"Onions 1kg","Cooking Oil 1L",1418,0.0945333333333333,0.423157266487616,2.76573376789291,0.0603531333333333,1.46833781686498,0,TRUE
"Cooking Oil 1L","Onions 1kg",1418,0.0945333333333333,0.617864923747277,2.76573376789291,0.0603531333333333,2.03226567844926,0,TRUE
"Fresh Milk 500ml + Peanut Butter 400g","Eggs Tray (30)",204,0.0136,0.388571428571429,2.76235612728504,0.00867666666666667,1.40545171339564,9.4801418227339e-47,TRUE
"Brown Bread 400g + Onions 1kg","Tomatoes 1kg",158,0.0105333333333333,0.564285714285714,2.75799469347856,0.00671413333333333,1.82550819672131,1.34828425897343e-40,TRUE
"Onions 1kg + Tea Leaves 250g","Sugar 1kg",209,0.0139333333333333,0.482678983833718,2.75606576227856,0.00887781777777778,1.59449672619048,1.63727169517456e-50,TRUE
"Brown Bread 400g + Tomatoes 1kg","Onions 1kg",158,0.0105333333333333,0.61003861003861,2.73070102971625,0.00667596,1.99147920792079,1.68077371175144e-41,TRUE
"Queen Cakes 6pk + White Bread 400g","Sugar 1kg",176,0.0117333333333333,0.476964769647696,2.72343796905803,0.00742505333333333,1.57707668393782,1.13361229050783e-41,TRUE
"Cooking Oil 1L + Fresh Milk 500ml","Tomatoes 1kg",311,0.0207333333333333,0.552397868561279,2.69989183070029,0.0130540133333333,1.7770246031746,6.45828811497809e-77,TRUE
"Maize Flour 2kg + Tea Leaves 250g","Sugar 1kg",168,0.0112,0.470588235294118,2.68702837054121,0.00703182666666667,1.55808148148148,7.52152346088746e-39,TRUE
"Rice 2kg","Maize Flour 2kg",727,0.0484666666666667,0.444920440636475,2.68024361829202,0.0303837333333333,1.50248732083793,4.6102745318701e-179,TRUE
"Cooking Oil 1L + White Bread 400g","Tomatoes 1kg",235,0.0156666666666667,0.547785547785548,2.67734871840444,0.00981510666666667,1.7589,5.67636848786095e-57,TRUE
"Fresh Milk 500ml + Potato Crisps 150g","Soda 2L",206,0.0137333333333333,0.407920792079208,2.67080396385339,0.00859131111111111,1.4310022296544,2.45562926673043e-45,TRUE
"Cooking Oil 1L + Tea Leaves 250g","Tomatoes 1kg",160,0.0106666666666667,0.546075085324232,2.6689886868242,0.00667014666666667,1.75227218045113,1.11164171594954e-38,TRUE
"Fresh Milk 500ml + Tomatoes 1kg","Maize Flour 2kg",344,0.0229333333333333,0.442728442728443,2.66703881161712,0.0143345333333333,1.49657736720554,4.28918663433107e-78,TRUE
"Fresh Milk 500ml + Tomatoes 1kg","Onions 1kg",462,0.0308,0.594594594594595,2.66156935807786,0.01922788,1.91561333333333,3.98586499007809e-117,TRUE
"Onions 1kg + Tea Leaves 250g","Tomatoes 1kg",233,0.0155333333333333,0.53810623556582,2.63004025203235,0.00962721333333333,1.722041,1.32777484772906e-54,TRUE
"Eggs Tray (30) + Onions 1kg","Tomatoes 1kg",185,0.0123333333333333,0.537790697674419,2.62849803359931,0.00764117333333333,1.72086540880503,2.3871288118374e-43,TRUE
"Onions 1kg","Maize Flour 2kg",1462,0.0974666666666667,0.4362876753208,2.62823900795662,0.0603822666666667,1.47947803070408,0,TRUE
"Maize Flour 2kg","Onions 1kg",1462,0.0974666666666667,0.58714859437751,2.62823900795662,0.0603822666666667,1.88106420233463,0,TRUE
"Fresh Milk 500ml + Tomatoes 1kg","Cooking Oil 1L",311,0.0207333333333333,0.4002574002574,2.61606143959085,0.0128079333333333,1.41227253218884,1.34555111023294e-66,TRUE
"Tea Leaves 250g + Tomatoes 1kg","Maize Flour 2kg",176,0.0117333333333333,0.433497536945813,2.6114309454567,0.00724026666666667,1.47219130434783,5.18474151783087e-38,TRUE
"Onions 1kg + Sugar 1kg","Tomatoes 1kg",204,0.0136,0.532637075718016,2.60330926548395,0.00837588,1.70188938547486,6.92390398829653e-47,TRUE
"Fresh Milk 500ml + Strawberry Jam 450g","Margarine 500g",213,0.0142,0.327692307692308,2.59661099597708,0.00873133333333333,1.29970251716247,5.75388258226541e-43,TRUE
"Fresh Milk 500ml + Rice 2kg","Tomatoes 1kg",216,0.0144,0.530712530712531,2.59390288715802,0.00884852,1.69490994764398,2.74973364289981e-49,TRUE
"Sugar 1kg + Tomatoes 1kg","Tea Leaves 250g",198,0.0132,0.553072625698324,2.59333835119564,0.00811003555555555,1.76031583333333,5.87381923588075e-46,TRUE
"Bottled Water 1L","Soda 2L",445,0.0296666666666667,0.395907473309609,2.59214845030298,0.0182218488888889,1.40254452626411,7.00022669746029e-96,TRUE
"Rice 2kg + White Bread 400g","Tomatoes 1kg",166,0.0110666666666667,0.530351437699681,2.59213801417244,0.00679734666666667,1.69360680272109,6.11169444004762e-38,TRUE
"Peanut Butter 400g + White Bread 400g","Eggs Tray (30)",202,0.0134666666666667,0.364620938628159,2.5920919807689,0.00827137777777778,1.35247348484848,2.24306330090645e-41,TRUE
"Soda 2L + White Bread 400g","Potato Crisps 150g",167,0.0111333333333333,0.338742393509128,2.58713640663794,0.00682999111111111,1.31426339468303,1.20944748436966e-33,TRUE
"Tomatoes 1kg + White Bread 400g","Onions 1kg",344,0.0229333333333333,0.577181208053691,2.58362223837821,0.0140569066666667,1.83672063492064,2.74193066531894e-81,TRUE
"Tomatoes 1kg + White Bread 400g","Cooking Oil 1L",235,0.0156666666666667,0.394295302013423,2.57709347721191,0.00958746666666667,1.39837119113573,1.50089357792031e-48,TRUE
"Tea Leaves 250g + Tomatoes 1kg","Cooking Oil 1L",160,0.0106666666666667,0.394088669950739,2.5757429408545,0.00652546666666667,1.39789430894309,4.80123838710996e-33,TRUE
"Tea Leaves 250g + Tomatoes 1kg","Onions 1kg",233,0.0155333333333333,0.573891625615764,2.56889716032123,0.00948664,1.82254104046243,3.83125101799822e-54,TRUE
"Fresh Milk 500ml + Soda 2L","Potato Crisps 150g",206,0.0137333333333333,0.335504885993485,2.56241002540849,0.00837379555555555,1.30786013071895,8.60674431681321e-41,TRUE
"Fresh Milk 500ml + Onions 1kg","Tomatoes 1kg",462,0.0308,0.523809523809524,2.56016385048643,0.01876952,1.67034,6.839796220103e-105,TRUE
"Onions 1kg + Sugar 1kg","Tea Leaves 250g",209,0.0139333333333333,0.545691906005222,2.55873041265343,0.00848792444444444,1.73171762452107,3.132714025761e-47,TRUE
"Onions 1kg + White Bread 400g","Tomatoes 1kg",344,0.0229333333333333,0.522796352583587,2.55521188946034,0.0139582133333333,1.66679363057325,9.58663171192651e-77,TRUE
"Burger Buns 6pk","Potato Crisps 150g",214,0.0142666666666667,0.334375,2.55378054989817,0.00868017777777778,1.30564006259781,3.89659696733502e-42,TRUE
"Sugar 1kg + Tomatoes 1kg","Onions 1kg",204,0.0136,0.569832402234637,2.5507269571828,0.00826818666666667,1.80534285714286,9.19799100047317e-47,TRUE
"Cooking Oil 1L + Fresh Milk 500ml","Maize Flour 2kg",237,0.0158,0.420959147424512,2.53589847846091,0.00956946666666667,1.44031288343558,1.90445795691236e-48,TRUE
"Eggs Tray (30) + Tomatoes 1kg","Onions 1kg",185,0.0123333333333333,0.565749235474006,2.53244957687559,0.00746321333333333,1.7883676056338,7.52101106654001e-42,TRUE
"Fresh Milk 500ml + Rice 2kg","Onions 1kg",230,0.0153333333333333,0.565110565110565,2.52959071222276,0.00927174666666667,1.78574124293785,8.10459903882487e-52,TRUE
"Cooking Oil 1L + Fresh Milk 500ml","Onions 1kg",318,0.0212,0.564831261101243,2.52834047046215,0.0128150533333333,1.78459510204082,8.36158194690256e-72,TRUE
"Tomatoes 1kg + White Bread 400g","Maize Flour 2kg",250,0.0166666666666667,0.419463087248322,2.52688606776098,0.0100709333333333,1.43660115606936,8.52092944498405e-51,TRUE
"Onions 1kg + Tea Leaves 250g","Maize Flour 2kg",181,0.0120666666666667,0.418013856812933,2.51815576393333,0.0072748,1.43302380952381,1.6460892720442e-36,TRUE
"Butter 250g + Fresh Milk 500ml","Margarine 500g",236,0.0157333333333333,0.315930388219545,2.50341036624045,0.00944857333333333,1.2773553816047,1.25639495738656e-44,TRUE
"Eggs Tray (30) + Strawberry Jam 450g","Margarine 500g",154,0.0102666666666667,0.315573770491803,2.50058455223299,0.00616096,1.27668982035928,5.17910499936054e-29,TRUE
"Cooking Oil 1L + White Bread 400g","Maize Flour 2kg",178,0.0118666666666667,0.414918414918415,2.49950852360491,0.00711906666666667,1.4254422310757,2.08825027848842e-35,TRUE
"Soda 2L + Tomatoes 1kg","Onions 1kg",193,0.0128666666666667,0.557803468208092,2.49688213163873,0.00771357333333333,1.75623267973856,2.09572678667818e-42,TRUE
"Onions 1kg + Soda 2L","Tomatoes 1kg",193,0.0128666666666667,0.507894736842105,2.48237896794773,0.00768346666666667,1.61632085561497,2.0010398557979e-40,TRUE
"Rice 2kg + White Bread 400g","Onions 1kg",173,0.0115333333333333,0.552715654952077,2.47410767659837,0.00687172,1.73625571428571,2.22147178626952e-37,TRUE
"Fresh Milk 500ml + Rice 2kg","Maize Flour 2kg",167,0.0111333333333333,0.41031941031941,2.47180367662295,0.0066292,1.414325,1.50449839480226e-32,TRUE
"Potato Crisps 150g + Tomatoes 1kg","Onions 1kg",150,0.01,0.551470588235294,2.46853441466112,0.00594901333333333,1.73143606557377,2.20387079403406e-32,TRUE
"Fresh Milk 500ml + Onions 1kg","Maize Flour 2kg",361,0.0240666666666667,0.409297052154195,2.46564489249515,0.0143058666666667,1.41187715930902,8.02291444434777e-71,TRUE
"Fresh Milk 500ml + Maize Flour 2kg","Tomatoes 1kg",344,0.0229333333333333,0.503660322108346,2.46168290375535,0.0136172133333333,1.60253156342183,3.21924142547986e-71,TRUE
"Fresh Milk 500ml + Rice 2kg","Cooking Oil 1L",153,0.0102,0.375921375921376,2.45700245700246,0.0060486,1.35720078740157,5.91367157178426e-29,TRUE
"Cooking Oil 1L + White Bread 400g","Onions 1kg",235,0.0156666666666667,0.547785547785548,2.45203915750021,0.00927742666666666,1.71732680412371,1.12688393682893e-49,TRUE
"Maize Flour 2kg + White Bread 400g","Tomatoes 1kg",250,0.0166666666666667,0.501002004008016,2.44869014666674,0.00986030666666667,1.59399437751004,6.82504524921882e-51,TRUE
"Maize Flour 2kg + Sugar 1kg","Onions 1kg",153,0.0102,0.542553191489362,2.42861768795596,0.00600008,1.69768372093023,6.2949710306408e-32,TRUE
"Queen Cakes 6pk","Tea Leaves 250g",487,0.0324666666666667,0.516985138004246,2.42412537357415,0.01907352,1.62879736263736,9.03048159225497e-101,TRUE
"Eggs Tray (30) + Fresh Milk 500ml","Margarine 500g",288,0.0192,0.305084745762712,2.41747025168551,0.0112578133333333,1.25741951219512,2.37058195132864e-51,TRUE
"Flavoured Yoghurt 250ml + Tomatoes 1kg","Onions 1kg",170,0.0113333333333333,0.53968253968254,2.41576785891916,0.00664193333333333,1.68709655172414,5.52619606122041e-35,TRUE
"Maize Flour 2kg + Tea Leaves 250g","Tomatoes 1kg",176,0.0117333333333333,0.492997198879552,2.40956597692841,0.00686385333333333,1.56882762430939,9.23036362692534e-35,TRUE
"Onions 1kg + Sugar 1kg","Maize Flour 2kg",153,0.0102,0.399477806788512,2.40649281197899,0.00596146666666667,1.38879130434783,2.31019543877861e-28,TRUE
"Fresh Milk 500ml + White Bread 400g","Tea Leaves 250g",1314,0.0876,0.511483067341378,2.39832635514869,0.0510745288888889,1.61045253652058,4.71565591206257e-308,TRUE
"Onions 1kg + White Bread 400g","Maize Flour 2kg",260,0.0173333333333333,0.395136778115502,2.38034203684037,0.0100514666666667,1.37882412060301,5.43320708939663e-47,TRUE
"Flavoured Yoghurt 250ml + Onions 1kg","Tomatoes 1kg",170,0.0113333333333333,0.485714285714286,2.3739701159056,0.00655933333333333,1.54661111111111,1.37744519502031e-32,TRUE
"Fresh Milk 500ml + Maize Flour 2kg","Onions 1kg",361,0.0240666666666667,0.528550512445095,2.36593783547491,0.01389452,1.6472602484472,3.51372617468102e-71,TRUE
"Peanut Butter 400g","Eggs Tray (30)",373,0.0248666666666667,0.331850533807829,2.3591270175912,0.0143260444444444,1.28613936972925,2.84342958824486e-65,TRUE
"Fresh Milk 500ml + Onions 1kg","Cooking Oil 1L",318,0.0212,0.360544217687075,2.35649815481748,0.0122036,1.32456382978723,1.04126805596623e-55,TRUE
"Onions 1kg + Potato Crisps 150g","Tomatoes 1kg",150,0.01,0.480769230769231,2.34980073689751,0.00574432,1.53188148148148,2.95271261404447e-28,TRUE
"Onions 1kg + White Bread 400g","Cooking Oil 1L",235,0.0156666666666667,0.357142857142857,2.33426704014939,0.00895506666666667,1.31755555555556,4.88981638547536e-40,TRUE
"Maize Flour 2kg + White Bread 400g","Onions 1kg",260,0.0173333333333333,0.521042084168337,2.33232804014475,0.00990156,1.62143682008368,2.02628731047819e-49,TRUE
"Maize Flour 2kg + White Bread 400g","Cooking Oil 1L",178,0.0118666666666667,0.356713426853707,2.33146030623338,0.00677686666666667,1.31667601246106,2.82351562358926e-30,TRUE
"Sugar 1kg + Tea Leaves 250g","Fresh Milk 500ml",1388,0.0925333333333333,0.856261566933991,2.30054155543791,0.05231092,4.36765579399142,0,TRUE
"Cooking Oil 1L + Tea Leaves 250g","Onions 1kg",150,0.01,0.511945392491468,2.29160873989019,0.00563625333333333,1.59121538461538,1.05376251970959e-27,TRUE
"Beef Sausages 500g","Soda 2L",475,0.0316666666666667,0.348751835535976,2.28340354999548,0.01779848,1.30098895152198,3.03317402336431e-80,TRUE
"Queen Cakes 6pk + Sugar 1kg","Fresh Milk 500ml",307,0.0204666666666667,0.845730027548209,2.27224617825956,0.0114594266666667,4.06948928571429,4.32382162778504e-79,TRUE
"Margarine 500g + Tea Leaves 250g","Fresh Milk 500ml",580,0.0386666666666667,0.845481049562682,2.27157724224256,0.02164472,4.0629320754717,4.45437082200689e-151,TRUE
"Maize Flour 2kg + Tea Leaves 250g","Onions 1kg",181,0.0120666666666667,0.507002801120448,2.26948433805035,0.00674974666666667,1.5752625,1.57893904978549e-32,TRUE
"Margarine 500g + Sugar 1kg","Fresh Milk 500ml",440,0.0293333333333333,0.844529750479846,2.26902136077337,0.0164055866666667,4.03807160493827,2.29310902042365e-113,TRUE
"Tea Leaves 250g + White Bread 400g","Fresh Milk 500ml",1314,0.0876,0.844473007712082,2.26886890841505,0.0489904533333333,4.03659834710744,0,TRUE
"Fresh Milk 500ml + Maize Flour 2kg","Cooking Oil 1L",237,0.0158,0.346998535871157,2.26796428673959,0.0088334,1.29708744394619,5.00356407591492e-38,TRUE
"Onions 1kg + Tea Leaves 250g","Cooking Oil 1L",150,0.01,0.346420323325635,2.26418511977539,0.0055834,1.29593992932862,3.94765846401378e-24,TRUE
"Queen Cakes 6pk + Tea Leaves 250g","Fresh Milk 500ml",409,0.0272666666666667,0.839835728952772,2.256409803742,0.0151825733333333,3.91972564102564,1.3706171572677e-103,TRUE
"Fresh Milk 500ml + Margarine 500g","Tea Leaves 250g",580,0.0386666666666667,0.480928689883914,2.25505793943692,0.0215200266666667,1.51565559105431,4.95763741628333e-104,TRUE
"Sugar 1kg + White Bread 400g","Fresh Milk 500ml",1001,0.0667333333333333,0.83695652173913,2.24867415835339,0.0370565866666667,3.85050666666667,2.12604165741352e-261,TRUE
"Fresh Milk 500ml + White Bread 400g","Sugar 1kg",1001,0.0667333333333333,0.389645776566757,2.22485216920493,0.0367388311111111,1.3514556547619,2.07649882245142e-184,TRUE
"Queen Cakes 6pk","Sugar 1kg",363,0.0242,0.385350318471338,2.20032538145035,0.0132016266666667,1.34201105354059,9.45258879103861e-57,TRUE
"Brown Bread 400g + Peanut Butter 400g","White Bread 400g",170,0.0113333333333333,0.613718411552347,2.17888193450537,0.00613188888888889,1.85961059190031,3.3502540114046e-31,TRUE
"Butter 250g + Tea Leaves 250g","Fresh Milk 500ml",196,0.0130666666666667,0.80327868852459,2.15819099549863,0.00701221333333333,3.19131666666667,7.72610326964288e-44,TRUE
"Brown Bread 400g + Tea Leaves 250g","Fresh Milk 500ml",179,0.0119333333333333,0.802690582959641,2.15661091606567,0.00639996,3.18180454545455,4.87573901448437e-40,TRUE
"Flavoured Yoghurt 250ml + Tea Leaves 250g","Fresh Milk 500ml",205,0.0136666666666667,0.794573643410853,2.1348029108298,0.00726482666666667,3.05608301886792,2.02988263337855e-44,TRUE
"Tea Leaves 250g","Fresh Milk 500ml",2536,0.169066666666667,0.792747733666771,2.12989718878767,0.0896888133333333,3.02915867269985,0,TRUE
"Fresh Milk 500ml","Tea Leaves 250g",2536,0.169066666666667,0.454236073795451,2.12989718878767,0.0896888133333333,1.44152681325894,0,TRUE
"Brown Bread 400g + Strawberry Jam 450g","White Bread 400g",236,0.0157333333333333,0.595959595959596,2.11583288506365,0.00829733333333333,1.777875,5.9228248490871e-40,TRUE
"Fresh Milk 500ml + Strawberry Jam 450g","White Bread 400g",386,0.0257333333333333,0.593846153846154,2.1083295402822,0.0135277777777778,1.76862373737374,7.37005461994677e-65,TRUE
"Eggs Tray (30) + Tea Leaves 250g","Fresh Milk 500ml",233,0.0155333333333333,0.781879194630873,2.10069638535968,0.00813896,2.87822153846154,4.1299761148164e-48,TRUE
"Fresh Milk 500ml + Margarine 500g","Sugar 1kg",440,0.0293333333333333,0.364842454394693,2.08322680468991,0.0152526133333333,1.29868041775457,2.69227968212925e-61,TRUE
"Butter 250g + Strawberry Jam 450g","White Bread 400g",228,0.0152,0.586118251928021,2.08089320211132,0.00789544444444444,1.73560041407867,5.12682101180327e-37,TRUE
"Queen Cakes 6pk + White Bread 400g","Fresh Milk 500ml",284,0.0189333333333333,0.769647696476965,2.06783368209824,0.00977721333333333,2.72539058823529,6.52446427329101e-56,TRUE
"Fresh Milk 500ml + Peanut Butter 400g","White Bread 400g",305,0.0203333333333333,0.580952380952381,2.0625528317836,0.010475,1.71420454545455,2.81809854552361e-48,TRUE
"Eggs Tray (30) + Sugar 1kg","Fresh Milk 500ml",187,0.0124666666666667,0.763265306122449,2.05068593799691,0.0063874,2.65191379310345,3.37831570502186e-36,TRUE
"Potato Crisps 150g + Tea Leaves 250g","Fresh Milk 500ml",177,0.0118,0.762931034482759,2.04978784116808,0.00604330666666667,2.64817454545455,2.81734974499649e-34,TRUE
"Eggs Tray (30) + Strawberry Jam 450g","White Bread 400g",279,0.0186,0.57172131147541,2.02977980405471,0.00943644444444444,1.67725677830941,2.43212620720547e-42,TRUE
"Eggs Tray (30) + Tea Leaves 250g","White Bread 400g",170,0.0113333333333333,0.570469798657718,2.02533656328184,0.00573755555555556,1.67236979166667,5.75133139790643e-26,TRUE
"Sugar 1kg","Fresh Milk 500ml",1967,0.131133333333333,0.748762847354397,2.01172178225254,0.0659487066666667,2.49883424242424,0,TRUE
"Fresh Milk 500ml","Sugar 1kg",1967,0.131133333333333,0.352319541465162,2.01172178225254,0.0659487066666667,1.27357040929204,0,TRUE
"Brown Bread 400g + Fresh Milk 500ml","White Bread 400g",417,0.0278,0.565040650406504,2.00606148073315,0.013942,1.6514953271028,1.46494401790321e-61,TRUE
"Eggs Tray (30) + Fresh Milk 500ml","White Bread 400g",531,0.0354,0.5625,1.99704142011834,0.0176737777777778,1.64190476190476,3.73779530064341e-78,TRUE
"Butter 250g + Sugar 1kg","Fresh Milk 500ml",151,0.0100666666666667,0.740196078431373,1.988705208037,0.00500474666666667,2.41643773584906,5.95031753125977e-27,TRUE
"Butter 250g + Fresh Milk 500ml","White Bread 400g",417,0.0278,0.558232931726908,1.98189206530263,0.013773,1.62604545454545,1.50058289783161e-59,TRUE
"Brown Bread 400g + Margarine 500g","White Bread 400g",197,0.0131333333333333,0.558073654390935,1.98132658363645,0.00650477777777778,1.6254594017094,3.18626661463562e-28,TRUE
"Butter 250g + Peanut Butter 400g","White Bread 400g",161,0.0107333333333333,0.555172413793103,1.97102632115895,0.00528777777777778,1.61485788113695,6.01302597282518e-23,TRUE
"Eggs Tray (30) + Margarine 500g","White Bread 400g",255,0.017,0.554347826086957,1.96809879084127,0.00836222222222222,1.61186991869919,1.23163912382965e-35,TRUE
"Soda 2L + Tea Leaves 250g","Fresh Milk 500ml",213,0.0142,0.726962457337884,1.95315007344945,0.00692969333333333,2.2993175,1.39767185574237e-35,TRUE
"Peanut Butter 400g + Strawberry Jam 450g","White Bread 400g",152,0.0101333333333333,0.546762589928058,1.94116895832446,0.00491311111111111,1.58489417989418,7.37689001971574e-21,TRUE
"Natural Yoghurt 500ml + Tea Leaves 250g","Fresh Milk 500ml",150,0.01,0.721153846153846,1.93754391766213,0.00483882666666667,2.25142068965517,8.42574304515242e-25,TRUE
"Brown Bread 400g + Butter 250g","White Bread 400g",264,0.0176,0.545454545454545,1.93652501344809,0.00851155555555556,1.58033333333333,2.96130302482499e-35,TRUE
"Onions 1kg + Tea Leaves 250g","Fresh Milk 500ml",312,0.0208,0.720554272517321,1.93593302664514,0.0100558266666667,2.24659008264463,2.05994792043552e-50,TRUE
"Maize Flour 2kg + Tea Leaves 250g","Fresh Milk 500ml",257,0.0171333333333333,0.719887955182073,1.93414281349294,0.00827497333333333,2.241246,1.69044582208453e-41,TRUE
"Tea Leaves 250g + Tomatoes 1kg","Fresh Milk 500ml",291,0.0194,0.716748768472906,1.92570867402715,0.00932578666666667,2.21640695652174,2.77904652485773e-46,TRUE
"Eggs Tray (30) + Peanut Butter 400g","White Bread 400g",202,0.0134666666666667,0.541554959785523,1.92268033059949,0.00646255555555556,1.56689083820663,1.2637855867619e-26,TRUE
"Butter 250g + Margarine 500g","White Bread 400g",214,0.0142666666666667,0.53904282115869,1.91376149523795,0.00681188888888889,1.55835154826958,8.77579558387076e-28,TRUE
"Margarine 500g + White Bread 400g","Fresh Milk 500ml",636,0.0424,0.710614525139665,1.90922763336826,0.0201920666666667,2.16942471042471,9.73876830148552e-100,TRUE
"Strawberry Jam 450g","White Bread 400g",620,0.0413333333333333,0.532646048109966,1.89105105837858,0.019476,1.53702205882353,6.7656232061868e-79,TRUE
"Margarine 500g + Strawberry Jam 450g","White Bread 400g",184,0.0122666666666667,0.530259365994236,1.88257763074877,0.00575077777777778,1.52921267893661,6.06397174330174e-23,TRUE
"Fresh Milk 500ml + Margarine 500g","White Bread 400g",636,0.0424,0.527363184079602,1.87229532809326,0.019754,1.51984210526316,1.01777737258738e-78,TRUE
"Margarine 500g + White Bread 400g","Tea Leaves 250g",357,0.0238,0.398882681564246,1.87034705328655,0.0110750888888889,1.30878500619579,7.85728990949526e-39,TRUE
"Maize Flour 2kg + Sugar 1kg","Fresh Milk 500ml",194,0.0129333333333333,0.687943262411348,1.84831612684403,0.00593597333333333,2.01181363636364,2.01706236864398e-27,TRUE
"Margarine 500g + Tea Leaves 250g","White Bread 400g",357,0.0238,0.520408163265306,1.84760294650405,0.0109184444444444,1.49780141843972,1.57291111157697e-41,TRUE
"Fresh Milk 500ml + Tea Leaves 250g","White Bread 400g",1314,0.0876,0.51813880126183,1.83954603998283,0.0399795555555556,1.49074740861975,2.06946111765256e-170,TRUE
"Cooking Oil 1L + Tea Leaves 250g","Fresh Milk 500ml",200,0.0133333333333333,0.68259385665529,1.83394373093845,0.00606302666666667,1.97790752688172,1.53148443032233e-27,TRUE
"Flavoured Yoghurt 250ml + Fresh Milk 500ml","Sugar 1kg",175,0.0116666666666667,0.319343065693431,1.82342823958944,0.00526846222222222,1.21186845397676,4.35398079579009e-17,TRUE
"Sugar 1kg + Tea Leaves 250g","White Bread 400g",831,0.0554,0.512646514497224,1.82004679703156,0.0249612222222222,1.47394725738397,9.78391915257148e-97,TRUE
"Flavoured Yoghurt 250ml + Sugar 1kg","Fresh Milk 500ml",175,0.0116666666666667,0.675675675675676,1.81535646339515,0.00524001333333333,1.93571666666667,1.7951168699503e-23,TRUE
"Margarine 500g + Sugar 1kg","White Bread 400g",266,0.0177333333333333,0.510556621880998,1.81262705993254,0.00795011111111111,1.46765359477124,2.92333106480016e-29,TRUE
"Fresh Milk 500ml + Sugar 1kg","White Bread 400g",1001,0.0667333333333333,0.508896797153025,1.80673419107583,0.0297974444444445,1.46269323671498,9.2427004363266e-117,TRUE
"Onions 1kg + Sugar 1kg","Fresh Milk 500ml",257,0.0171333333333333,0.671018276762402,1.80284330134982,0.00762982666666667,1.9083126984127,3.40318026917254e-33,TRUE
"Queen Cakes 6pk + Tea Leaves 250g","White Bread 400g",244,0.0162666666666667,0.501026694045175,1.77879299661009,0.00712188888888889,1.43962277091907,2.22200417009723e-25,TRUE
"Fresh Milk 500ml + Maize Flour 2kg","Tea Leaves 250g",257,0.0171333333333333,0.376281112737921,1.76436908129691,0.00742259111111111,1.26135884194053,1.61318980258898e-23,TRUE
"Fresh Milk 500ml + Tomatoes 1kg","Tea Leaves 250g",291,0.0194,0.374517374517374,1.75609897397956,0.00835278666666667,1.25780205761317,3.42538608692252e-26,TRUE
"Flavoured Yoghurt 250ml + Fresh Milk 500ml","Tea Leaves 250g",205,0.0136666666666667,0.374087591240876,1.75408373510883,0.00587532444444445,1.25693838678328,1.37767448262247e-18,TRUE
"Peanut Butter 400g","White Bread 400g",554,0.0369333333333333,0.49288256227758,1.74987891932869,0.0158271111111111,1.41650292397661,5.67641028577719e-55,TRUE
"Sugar 1kg + Tomatoes 1kg","Fresh Milk 500ml",231,0.0154,0.645251396648045,1.73361471426127,0.00651682666666667,1.76970393700787,3.10055794689582e-26,TRUE
"Fresh Milk 500ml + Potato Crisps 150g","Sugar 1kg",153,0.0102,0.302970297029703,1.72994079004398,0.00430384444444445,1.18340246212121,5.7557055160384e-13,TRUE
"White Bread 400g","Tea Leaves 250g",1556,0.103733333333333,0.368284023668639,1.72687100813679,0.0436632222222222,1.24539090795554,6.62364428413515e-173,TRUE
"Tea Leaves 250g","White Bread 400g",1556,0.103733333333333,0.486402000625195,1.72687100813679,0.0436632222222222,1.39862953946034,6.6236442841337e-173,TRUE
"Butter 250g + Eggs Tray (30)","White Bread 400g",323,0.0215333333333333,0.485714285714286,1.72442941673711,0.00904611111111111,1.39675925925926,3.37996204768779e-30,TRUE
"Queen Cakes 6pk + Sugar 1kg","White Bread 400g",176,0.0117333333333333,0.484848484848485,1.72135556750941,0.004917,1.39441176470588,8.7046258972661e-17,TRUE
"Margarine 500g","Fresh Milk 500ml",1206,0.0804,0.637083993660856,1.71167112751439,0.03342836,1.7298768558952,2.38439586568803e-138,TRUE
"Queen Cakes 6pk","Fresh Milk 500ml",599,0.0399333333333333,0.63588110403397,1.70843929079519,0.0165591733333333,1.72416209912536,2.12099201314876e-64,TRUE
"Cooking Oil 1L + Sugar 1kg","Fresh Milk 500ml",166,0.0110666666666667,0.633587786259542,1.70227777071344,0.00456557333333333,1.71337083333333,4.90469208481734e-18,TRUE
"Margarine 500g","Tea Leaves 250g",686,0.0457333333333333,0.362387744321183,1.69922355886769,0.01881908,1.23387423363712,5.00979106378495e-58,TRUE
"Breakfast Cereal 500g + White Bread 400g","Fresh Milk 500ml",167,0.0111333333333333,0.62781954887218,1.68678008831859,0.00453298666666667,1.68681616161616,1.43819863423794e-17,TRUE
"Long-life Milk 1L + White Bread 400g","Fresh Milk 500ml",185,0.0123333333333333,0.627118644067797,1.68489694805964,0.0050134,1.68364545454545,3.02594652435885e-19,TRUE
"Flavoured Yoghurt 250ml + Fresh Milk 500ml","White Bread 400g",260,0.0173333333333333,0.474452554744526,1.68444693992139,0.00704311111111111,1.3668287037037,1.41506996197884e-22,TRUE
"Fresh Milk 500ml + Queen Cakes 6pk","White Bread 400g",284,0.0189333333333333,0.474123539232053,1.68327883751025,0.00768544444444444,1.36597354497354,1.57929106465007e-24,TRUE
"Eggs Tray (30) + Margarine 500g","Fresh Milk 500ml",288,0.0192,0.626086956521739,1.68212508469033,0.00778586666666667,1.679,3.63424996771446e-29,TRUE
"Brown Bread 400g + Eggs Tray (30)","White Bread 400g",302,0.0201333333333333,0.473354231974922,1.68054756914173,0.00815311111111111,1.36397817460317,6.77185832028454e-26,TRUE
"Margarine 500g","White Bread 400g",895,0.0596666666666667,0.472794506075013,1.67856037659768,0.0241203333333333,1.36253006012024,2.12670006427633e-80,TRUE
"Soda 2L + Sugar 1kg","Fresh Milk 500ml",178,0.0118666666666667,0.624561403508772,1.67802633935726,0.00479486666666667,1.67217757009346,2.66940176465295e-18,TRUE
"Brown Bread 400g + Margarine 500g","Fresh Milk 500ml",220,0.0146666666666667,0.623229461756374,1.67444777473502,0.00590756,1.66626616541353,3.74038303856973e-22,TRUE
"Strawberry Jam 450g + White Bread 400g","Fresh Milk 500ml",386,0.0257333333333333,0.62258064516129,1.67270458130384,0.0103490666666667,1.66340170940171,4.18589319435679e-38,TRUE
"Cooking Oil 1L + Fresh Milk 500ml","Tea Leaves 250g",200,0.0133333333333333,0.355239786856128,1.66570703433633,0.00532872444444444,1.22019522497704,2.04895663102082e-15,TRUE
"Fresh Milk 500ml + Onions 1kg","Tea Leaves 250g",312,0.0208,0.353741496598639,1.65868160330716,0.00825992,1.21736631578947,2.77458258431068e-23,TRUE
"Potato Crisps 150g + Sugar 1kg","Fresh Milk 500ml",153,0.0102,0.616935483870968,1.65753757085161,0.00404629333333333,1.63888842105263,3.04812151664987e-15,TRUE
"Margarine 500g + Strawberry Jam 450g","Fresh Milk 500ml",213,0.0142,0.613832853025937,1.64920164703368,0.00558977333333334,1.62572089552239,2.49539708975077e-20,TRUE
"Fresh Milk 500ml + Potato Crisps 150g","Tea Leaves 250g",177,0.0118,0.35049504950495,1.64345912553118,0.00462002222222222,1.21128150406504,3.55190142518334e-13,TRUE
"White Bread 400g","Fresh Milk 500ml",2569,0.171266666666667,0.608047337278107,1.63365754239147,0.0664303333333334,1.60172403381643,1.71160238244471e-300,TRUE
"Fresh Milk 500ml","White Bread 400g",2569,0.171266666666667,0.460146874440265,1.63365754239147,0.0664303333333334,1.33060882548109,1.71160238244469e-300,TRUE
"Fresh Milk 500ml + Soda 2L","Tea Leaves 250g",213,0.0142,0.346905537459283,1.62662802809917,0.00547028444444445,1.20462410640066,4.36462371421187e-15,TRUE
"Onions 1kg + Tea Leaves 250g","White Bread 400g",198,0.0132,0.457274826789838,1.62346092351422,0.00506922222222222,1.32356737588652,2.32789205804455e-15,TRUE
"Butter 250g + Strawberry Jam 450g","Fresh Milk 500ml",235,0.0156666666666667,0.604113110539846,1.62308734696358,0.00601428,1.58580649350649,5.2057408488413e-21,TRUE
"Sugar 1kg","White Bread 400g",1196,0.0797333333333333,0.455272173582033,1.61635091212556,0.0304041111111111,1.31870137433031,2.67234942638063e-98,TRUE
"Peanut Butter 400g + Strawberry Jam 450g","Fresh Milk 500ml",166,0.0110666666666667,0.597122302158273,1.60430494937741,0.00416856,1.55828928571429,1.43575476513134e-14,TRUE
"Butter 250g + Margarine 500g","Fresh Milk 500ml",236,0.0157333333333333,0.594458438287154,1.59714787288327,0.00588244,1.54805341614907,7.97000972336327e-20,TRUE
"Eggs Tray (30) + Strawberry Jam 450g","Fresh Milk 500ml",290,0.0193333333333333,0.594262295081967,1.59662088952705,0.00722442666666667,1.54730505050505,4.37899855293179e-24,TRUE
"Butter 250g","White Bread 400g",731,0.0487333333333333,0.449569495694957,1.59610471844363,0.0182006666666667,1.30503910614525,3.55541834979584e-53,TRUE
"Brown Bread 400g + Strawberry Jam 450g","Fresh Milk 500ml",234,0.0156,0.590909090909091,1.58761174344194,0.00577392,1.53462222222222,3.27923550147792e-19,TRUE
"Eggs Tray (30) + White Bread 400g","Fresh Milk 500ml",531,0.0354,0.587389380530973,1.57815524054533,0.0129687466666667,1.52153136729223,8.4696155161766e-42,TRUE
"Brown Bread 400g + Peanut Butter 400g","Fresh Milk 500ml",162,0.0108,0.584837545126354,1.57129915402029,0.00392670666666667,1.51217913043478,3.62840866943322e-13,TRUE
"Brown Bread 400g","White Bread 400g",717,0.0478,0.44177449168207,1.56843014798368,0.0173236666666667,1.28681567328918,1.47429465722278e-48,TRUE
"Brown Bread 400g + White Bread 400g","Fresh Milk 500ml",417,0.0278,0.581589958158996,1.56257377259268,0.01000884,1.500442,1.90800593842915e-31,TRUE
"Maize Flour 2kg + Tea Leaves 250g","White Bread 400g",157,0.0104666666666667,0.439775910364146,1.5613345930088,0.003763,1.282225,7.95873996865732e-11,TRUE
"Maize Flour 2kg + White Bread 400g","Fresh Milk 500ml",289,0.0192666666666667,0.579158316633267,1.5560406142753,0.00688481333333333,1.49177238095238,1.25165083943107e-21,TRUE
"Onions 1kg + Sugar 1kg","White Bread 400g",166,0.0110666666666667,0.433420365535248,1.53877052852751,0.00387477777777778,1.26784178187404,9.18550826690610e-11,TRUE
"Butter 250g + White Bread 400g","Fresh Milk 500ml",417,0.0278,0.570451436388509,1.53264759910937,0.00966145333333333,1.46153439490446,5.95712842729568e-29,TRUE
"Fresh Milk 500ml + Natural Yoghurt 500ml","White Bread 400g",212,0.0141333333333333,0.430020283975659,1.52669923304968,0.00487588888888889,1.26027876631079,5.60622842509449e-13,TRUE
"Eggs Tray (30)","White Bread 400g",904,0.0602666666666667,0.428436018957346,1.5210746235172,0.0206455555555556,1.25678551686014,2.96711816098932e-55,TRUE
"Cooking Oil 1L + Fresh Milk 500ml","White Bread 400g",241,0.0160666666666667,0.428063943161634,1.51975364436083,0.00549477777777778,1.25596790890269,2.52697662488912e-14,TRUE
"Natural Yoghurt 500ml + White Bread 400g","Fresh Milk 500ml",212,0.0141333333333333,0.563829787234043,1.51485703179485,0.00480352,1.43934634146341,1.77141286258766e-14,TRUE
"Tea Leaves 250g + Tomatoes 1kg","White Bread 400g",173,0.0115333333333333,0.426108374384236,1.51281079663043,0.00390955555555556,1.25168812589413,1.90315450210053e-10,TRUE
"Cooking Oil 1L + White Bread 400g","Fresh Milk 500ml",241,0.0160666666666667,0.561771561771562,1.50932714070812,0.00542174666666667,1.43258617021277,4.94645379680438e-16,TRUE
"Fresh Milk 500ml + Maize Flour 2kg","White Bread 400g",289,0.0192666666666667,0.423133235724744,1.50224817417069,0.00644144444444444,1.24523265651438,3.64363848745925e-16,TRUE
"Strawberry Jam 450g","Fresh Milk 500ml",650,0.0433333333333333,0.558419243986254,1.50032037610493,0.0144506133333333,1.42171050583658,3.11222982219064e-41,TRUE
"Fresh Milk 500ml + Soda 2L","White Bread 400g",257,0.0171333333333333,0.4185667752443,1.4860358884413,0.00560377777777778,1.23545284780579,7.72596784531712e-14,TRUE
"Peanut Butter 400g + White Bread 400g","Fresh Milk 500ml",305,0.0203333333333333,0.550541516245487,1.47915506782775,0.00658674666666667,1.39679196787149,2.938215243705e-18,TRUE
"Maize Flour 2kg + White Bread 400g","Tea Leaves 250g",157,0.0104666666666667,0.314629258517034,1.47528567607237,0.00337199555555556,1.14789454191033,5.04103581104371e-08,TRUE
"Butter 250g + Peanut Butter 400g","Fresh Milk 500ml",159,0.0106,0.548275862068966,1.47306787229706,0.00340413333333333,1.38978625954198,5.87447575028134e-10,TRUE
"Eggs Tray (30) + Peanut Butter 400g","Fresh Milk 500ml",204,0.0136,0.546916890080429,1.46941668479427,0.00434462666666667,1.38561775147929,2.97728037769212e-12,TRUE
"Fresh Milk 500ml + Potato Crisps 150g","White Bread 400g",209,0.0139333333333333,0.413861386138614,1.46933036498916,0.00445055555555556,1.22553490990991,6.08393896378784e-11,TRUE
"Washing Powder 1kg + White Bread 400g","Fresh Milk 500ml",165,0.011,0.542763157894737,1.45825673802992,0.00345674666666667,1.37303021582734,7.73093482523035e-10,TRUE
"Fresh Milk 500ml + Washing Powder 1kg","White Bread 400g",165,0.011,0.408415841584158,1.44999707071299,0.00341377777777778,1.21425383542538,1.94717206218767e-08,TRUE
"Potato Crisps 150g + White Bread 400g","Fresh Milk 500ml",209,0.0139333333333333,0.537275064267352,1.4435117255974,0.00428094666666667,1.35674555555556,1.50791394133828e-11,TRUE
"Pasta Sauce 400g + Spaghetti 500g","Onions 1kg",191,0.0127333333333333,0.321008403361345,1.43692212784845,0.0038718,1.14375495049505,1.38053589338354e-08,TRUE
"Onions 1kg + White Bread 400g","Fresh Milk 500ml",351,0.0234,0.533434650455927,1.43319357994607,0.00707282666666667,1.34557785016287,6.09450071720532e-18,TRUE
"Flavoured Yoghurt 250ml + Fruit Juice 1L","White Bread 400g",160,0.0106666666666667,0.403022670025189,1.43084971606576,0.00321188888888889,1.2032841068917,9.03844273257474e-08,TRUE
"Fresh Milk 500ml + Natural Yoghurt 500ml","Tea Leaves 250g",150,0.01,0.304259634888438,1.42666287068664,0.00299063555555556,1.13078581146744,9.45521020313218e-07,TRUE
"Fresh Milk 500ml + Tomatoes 1kg","White Bread 400g",311,0.0207333333333333,0.4002574002574,1.42103219026296,0.006143,1.19773605150215,1.78764325187591e-13,TRUE
"Fresh Milk 500ml + Rice 2kg","White Bread 400g",162,0.0108,0.398034398034398,1.41313987467834,0.00315744444444445,1.19331292517007,1.95767114224032e-07,TRUE
"Fresh Milk 500ml + Onions 1kg","White Bread 400g",351,0.0234,0.397959183673469,1.41287284144427,0.006838,1.19316384180791,1.13698857488463e-14,TRUE
"Onions 1kg + White Bread 400g","Tea Leaves 250g",198,0.0132,0.300911854103343,1.41096524274778,0.00384470222222222,1.12537072463768,4.32813371458933e-08,TRUE
"Tomatoes 1kg + White Bread 400g","Fresh Milk 500ml",311,0.0207333333333333,0.521812080536913,1.40196690095893,0.00594458666666667,1.31287298245614,2.45767757433908e-14,TRUE
"Soda 2L + White Bread 400g","Fresh Milk 500ml",257,0.0171333333333333,0.521298174442191,1.40058617528799,0.00490036,1.31146355932203,5.37387628525294e-12,TRUE
"Queen Cakes 6pk","White Bread 400g",369,0.0246,0.39171974522293,1.39072098895715,0.00691133333333334,1.18092495636998,3.34207017408919e-14,TRUE
"Rice 2kg + White Bread 400g","Fresh Milk 500ml",162,0.0108,0.517571884984026,1.3905746506825,0.00303342666666667,1.30133377483444,8.61522874507771e-08,TRUE
"Pasta Sauce 400g","Onions 1kg",238,0.0158666666666667,0.307891332470893,1.37820650166022,0.00435412,1.12207813084112,1.43350483168019e-08,TRUE
"Fresh Milk 500ml + Long-life Milk 1L","White Bread 400g",185,0.0123333333333333,0.36779324055666,1.30577481854435,0.00288811111111111,1.13623165618449,1.24543145878908e-05,TRUE
"Butter 250g + Eggs Tray (30)","Fresh Milk 500ml",316,0.0210666666666667,0.475187969924812,1.27670061774533,0.0045658,1.19623782234957,1.84699304440667e-08,TRUE
"Brown Bread 400g + Eggs Tray (30)","Fresh Milk 500ml",299,0.0199333333333333,0.468652037617555,1.25914034824706,0.00410242666666667,1.18152330383481,2.27492108865467e-07,TRUE
"Peanut Butter 400g","Fresh Milk 500ml",525,0.035,0.467081850533808,1.25492168332565,0.00710981333333334,1.17804207011686,8.67130004883002e-12,TRUE
"Brown Bread 400g + Butter 250g","Fresh Milk 500ml",224,0.0149333333333333,0.462809917355372,1.24344416269579,0.00292368,1.16867384615385,2.1110480607582e-05,TRUE
"Breakfast Cereal 500g + Long-life Milk 1L","Fresh Milk 500ml",271,0.0180666666666667,0.461669505962521,1.24038018797023,0.00350124,1.16619810126582,3.77360490423578e-06,TRUE
"Butter 250g","Fresh Milk 500ml",747,0.0498,0.459409594095941,1.23430842046196,0.00945352,1.1613228668942,1.56220357172624e-14,TRUE
"Flavoured Yoghurt 250ml + White Bread 400g","Fresh Milk 500ml",260,0.0173333333333333,0.458553791887125,1.23200911307664,0.00326417333333333,1.15948729641694,1.10197585074493e-05,TRUE
"Brown Bread 400g","Fresh Milk 500ml",738,0.0492,0.454713493530499,1.2216912776209,0.00892796,1.1513213559322,3.51755888836765e-13,TRUE
"Breakfast Cereal 500g + Natural Yoghurt 500ml","Fresh Milk 500ml",175,0.0116666666666667,0.451030927835052,1.21179722685398,0.00203909333333334,1.14359812206573,0.000765626183009636,FALSE
"Eggs Tray (30)","Fresh Milk 500ml",944,0.0629333333333333,0.44739336492891,1.20202408632163,0.0105772,1.13607032590051,1.34394829506907e-14,TRUE
