"rule","confidence_supermarket","lift_supermarket","confidence_duka","lift_duka"
"Tea Leaves 250g -> Fresh Milk 500ml",0.750470219435737,2.10262259118477,0.834788029925187,2.11220785246187
"Sugar 1kg -> Fresh Milk 500ml",0.693892045454545,1.9441052460591,0.81214109926169,2.05490585115516
"Queen Cakes 6pk -> Fresh Milk 500ml",0.553153153153153,1.54979143220287,0.754521963824289,1.9091160386996
"Baby Wipes -> Diapers 40pk",0.742857142857143,11.1440931780366,0.73,31.8855474452555
"Margarine 500g -> Fresh Milk 500ml",0.588388214904679,1.64851092156016,0.713125845737483,1.80437423293577
"Sugar 1kg -> Tea Leaves 250g",0.547585227272727,3.0953156169849,0.697292863002461,2.60137187793437
"White Bread 400g -> Fresh Milk 500ml",0.557174887892377,1.56105928814098,0.695932859909619,1.76087198042248
"Tomatoes 1kg -> Onions 1kg",0.597753956100051,2.47672319310573,0.677477477477477,3.45023423423423
"Cooking Oil 1L -> Onions 1kg",0.590074779061863,2.44490542648059,0.66747572815534,3.39929766577154
"Maize Flour 2kg -> Onions 1kg",0.546855733662145,2.26583239646043,0.662442396313364,3.37366408471419
"Rice 2kg -> Onions 1kg",0.609315589353612,2.52462746029971,0.656357388316151,3.34267456313519
"Queen Cakes 6pk -> Tea Leaves 250g",0.41981981981982,2.37310062413511,0.656330749354005,2.4485556135501
"Rice 2kg -> Tomatoes 1kg",0.571292775665399,2.62928824165352,0.642611683848797,3.46431379833442
"Onions 1kg -> Tomatoes 1kg",0.538143382352941,2.47672319310573,0.64,3.45023423423423
"Maize Flour 2kg -> Tomatoes 1kg",0.533908754623921,2.45723396206701,0.637096774193548,3.43458297006684
"Cooking Oil 1L -> Tomatoes 1kg",0.575118966689327,2.64689770478355,0.635922330097087,3.4282515525234
"Bar Soap 800g -> Washing Powder 1kg",0.524752475247525,4.64295222456495,0.623762376237624,7.80877418285762
"Toilet Paper 10pk -> Washing Powder 1kg",0.525721455457967,4.6515256549647,0.593220338983051,7.4264236578966
"Smoked Bacon 250g -> Eggs Tray (30)",0.579207920792079,3.29888731134642,0.580152671755725,6.58754001477469
"Fresh Milk 500ml -> Tea Leaves 250g",0.371970167806091,2.10262259118477,0.566173361522199,2.11220785246187
"Strawberry Jam 450g -> Fresh Milk 500ml",0.558569667077682,1.56496709707035,0.558073654390935,1.41205613017985
"Diapers 40pk -> Baby Wipes",0.475873544093178,11.1440931780366,0.532846715328467,31.8855474452555
"Tea Leaves 250g -> Sugar 1kg",0.483385579937304,3.0953156169849,0.529925187032419,2.60137187793437
"Washing Powder 1kg -> Bar Soap 800g",0.46810598626104,4.64295222456495,0.527196652719665,7.80877418285762
"Strawberry Jam 450g -> White Bread 400g",0.540073982737361,1.81962146052319,0.515580736543909,1.99175928178099
"Potato Crisps 150g -> Soda 2L",0.466266866566717,2.65227890786468,0.503174603174603,4.2648680246414
"Salted Peanuts 200g -> Potato Crisps 150g",0.395604395604396,2.6737400530504,0.501165501165501,4.76027676027676
"Tomatoes 1kg -> Maize Flour 2kg",0.442062276671771,2.45723396206701,0.498198198198198,3.43458297006684
"White Bread 400g -> Tea Leaves 250g",0.294843049327354,1.66664886064917,0.49515816655907,1.84727335953209
"Salted Peanuts 200g -> Soda 2L",0.406593406593407,2.31283669012376,0.494172494172494,4.18856686278783
"Toilet Paper 10pk -> Bar Soap 800g",0.419071518193225,4.156599348768,0.491525423728814,7.28041617721094
"Onions 1kg -> Maize Flour 2kg",0.407628676470588,2.26583239646043,0.48936170212766,3.37366408471419
"Cooking Oil 1L -> Maize Flour 2kg",0.444595513256288,2.47131513410524,0.486650485436893,3.35497293185987
"Breakfast Cereal 500g -> Long-life Milk 1L",0.487828627069133,4.04996583946161,0.485875706214689,12.7521062543364
"Tea Leaves 250g -> White Bread 400g",0.494670846394984,1.66664886064917,0.478179551122195,1.84727335953209
"Margarine 500g -> Tea Leaves 250g",0.288561525129983,1.63114151133036,0.477672530446549,1.78204016346144
"Tomatoes 1kg -> Cooking Oil 1L",0.431852986217458,2.64689770478355,0.472072072072072,3.4282515525234
"Bottled Water 1L -> Soda 2L",0.358189081225033,2.03749700714505,0.471849865951743,3.99936203662214
"Butter 250g -> Fresh Milk 500ml",0.455304928989139,1.27564612795714,0.470862470862471,1.19139155418225
"Onions 1kg -> Cooking Oil 1L",0.398897058823529,2.44490542648059,0.468085106382979,3.39929766577154
"Sugar 1kg -> White Bread 400g",0.444602272727273,1.49795743307515,0.467596390484003,1.80638915471677
"Eggs Tray (30) -> Fresh Milk 500ml",0.440934933670246,1.23538513423584,0.466793168880455,1.18109527381845
"Rice 2kg -> Cooking Oil 1L",0.421102661596958,2.58100720391446,0.465635738831615,3.38151002568979
"Rice 2kg -> Maize Flour 2kg",0.433460076045627,2.40941803059641,0.465635738831615,3.21009707507878
"Queen Cakes 6pk -> Sugar 1kg",0.331531531531532,2.12293202293202,0.462532299741602,2.27054411948626
"Maize Flour 2kg -> Cooking Oil 1L",0.403205918618989,2.47131513410524,0.461981566820277,3.35497293185987
"Bottled Water 1L -> Potato Crisps 150g",0.320905459387483,2.16887827723954,0.458445040214477,4.35450019149751
"Margarine 500g -> White Bread 400g",0.483535528596187,1.62913166136892,0.456021650879567,1.76167434400473
"Fresh Milk 500ml -> White Bread 400g",0.463331261653201,1.56105928814098,0.455813953488372,1.76087198042248
"Brown Bread 400g -> Fresh Milk 500ml",0.455445544554455,1.27604009624082,0.452554744525547,1.14506874893906
"Soda 2L -> Potato Crisps 150g",0.392429022082019,2.65227890786468,0.449008498583569,4.2648680246414
"Washing Powder 1kg -> Toilet Paper 10pk",0.411187438665358,4.6515256549647,0.439330543933054,7.4264236578966
"Peanut Butter 400g -> White Bread 400g",0.514814814814815,1.7345180756242,0.436305732484076,1.68550904014507
"Breakfast Cereal 500g -> Fresh Milk 500ml",0.442064264849075,1.23854922681145,0.435028248587571,1.10072263828669
"Bar Soap 800g -> Toilet Paper 10pk",0.367436743674367,4.156599348768,0.430693069306931,7.28041617721094
"Peanut Butter 400g -> Fresh Milk 500ml",0.481481481481481,1.34898602766844,0.429936305732484,1.08783883869056
"Queen Cakes 6pk -> White Bread 400g",0.369369369369369,1.24448215031175,0.423772609819121,1.63709186388484
"Fresh Milk 500ml -> Sugar 1kg",0.303604723430702,1.9441052460591,0.418604651162791,2.05490585115516
"Strawberry Jam 450g -> Eggs Tray (30)",0.420468557336621,2.39478491026341,0.41643059490085,4.72850223887417
"Butter 250g -> White Bread 400g",0.463659147869674,1.56216400493011,0.41025641025641,1.58487692638758
"Fruit Juice 1L -> Flavoured Yoghurt 250ml",0.39622641509434,2.66396521885948,0.401960784313726,4.91888207225631
"Brown Bread 400g -> Eggs Tray (30)",0.39026402640264,2.22275455593569,0.401459854014599,4.55851189074641
"Brown Bread 400g -> White Bread 400g",0.455445544554455,1.53449066879782,0.401459854014599,1.55089462002799
"Butter 250g -> Eggs Tray (30)",0.41687552213868,2.3743207249541,0.386946386946387,4.39371381306865
"Long-life Milk 1L -> Breakfast Cereal 500g",0.461325966850829,4.04996583946161,0.37719298245614,12.7521062543364
"Eggs Tray (30) -> White Bread 400g",0.445988629185092,1.50262835602869,0.375711574952562,1.45142547741519
"White Bread 400g -> Sugar 1kg",0.233931240657698,1.49795743307515,0.367979341510652,1.80638915471677
"Bottled Water 1L -> Salted Peanuts 200g",0.218375499334221,2.70449656867766,0.345844504021448,4.82408744070942
"Margarine 500g -> Sugar 1kg",0.232235701906412,1.48710020482118,0.342354533152909,1.6805984629918
"Potato Crisps 150g -> Salted Peanuts 200g",0.215892053973014,2.6737400530504,0.341269841269841,4.76027676027676
"Tomatoes 1kg -> Rice 2kg",0.306789178152118,2.62928824165352,0.336936936936937,3.46431379833442
"Cooking Oil 1L -> Rice 2kg",0.301155676410605,2.58100720391446,0.328883495145631,3.38151002568979
"Strawberry Jam 450g -> Butter 250g",0.336621454993835,2.53548791831614,0.328611898016997,4.58371468003196
"Onions 1kg -> Rice 2kg",0.294577205882353,2.52462746029971,0.325106382978723,3.34267456313519
"Peanut Butter 400g -> Eggs Tray (30)",0.335802469135802,1.91256794802804,0.321656050955414,3.65235257859051
"Fruit Juice 1L -> White Bread 400g",0.335849056603774,1.13154525199537,0.318627450980392,1.230901656983
"Eggs Tray (30) -> Butter 250g",0.315224257738471,2.3743207249541,0.314990512333966,4.39371381306865
"Strawberry Jam 450g -> Brown Bread 400g",0.351418002466091,2.61417880382366,0.314447592067989,4.57823452782201
"Eggs Tray (30) -> Brown Bread 400g",0.298799747315224,2.22275455593569,0.313092979127135,4.55851189074641
"Maize Flour 2kg -> Rice 2kg",0.281134401972873,2.40941803059641,0.31221198156682,3.21009707507878
"Beef Sausages 500g -> Soda 2L",0.355769230769231,2.02373210385829,0.311926605504587,2.64386516620319
"Salted Peanuts 200g -> Bottled Water 1L",0.225274725274725,2.70449656867766,0.300699300699301,4.82408744070942
"Soda 2L -> Salted Peanuts 200g",0.186750788643533,2.31283669012376,0.30028328611898,4.18856686278783
"Strawberry Jam 450g -> Margarine 500g",0.30209617755857,2.36022455534494,0.288951841359773,2.33976700770891
"Peanut Butter 400g -> Strawberry Jam 450g",0.233333333333333,2.59399917796959,0.28343949044586,4.80482127713322
"Flavoured Yoghurt 250ml -> Soda 2L",0.217002237136465,1.23437991799519,0.280163599182004,2.37464444405823
"Eggs Tray (30) -> Strawberry Jam 450g",0.215413771320278,2.39478491026341,0.278937381404175,4.72850223887417
"Flavoured Yoghurt 250ml -> Potato Crisps 150g",0.210290827740492,1.4212759392116,0.274028629856851,2.60283701756094
"Butter 250g -> Margarine 500g",0.233918128654971,1.82756139337367,0.272727272727273,2.20838971583221
"Potato Crisps 150g -> Bottled Water 1L",0.180659670164918,2.16887827723954,0.271428571428571,4.35450019149751
"Butter 250g -> Strawberry Jam 450g",0.228070175438596,2.53548791831614,0.27039627039627,4.58371468003196
"Brown Bread 400g -> Butter 250g",0.307755775577558,2.31806689440874,0.27007299270073,3.76717200074864
"Brown Bread 400g -> Strawberry Jam 450g",0.235148514851485,2.61417880382366,0.27007299270073,4.57823452782201
"Salted Peanuts 200g -> Flavoured Yoghurt 250ml",0.262362637362637,1.76395342167154,0.261072261072261,3.19479838498243
"Butter 250g -> Brown Bread 400g",0.311612364243943,2.31806689440874,0.258741258741259,3.76717200074864
"Strawberry Jam 450g -> Peanut Butter 400g",0.233045622688039,2.59399917796959,0.252124645892351,4.80482127713322
"Soda 2L -> Bottled Water 1L",0.169716088328076,2.03749700714505,0.24929178470255,3.99936203662214
"Brown Bread 400g -> Margarine 500g",0.212046204620462,1.65667987942642,0.233576642335766,1.89137026757405
"Bottled Water 1L -> Flavoured Yoghurt 250ml",0.201065246338216,1.35183017224859,0.233243967828418,2.85425747133999
"Peanut Butter 400g -> Butter 250g",0.267901234567901,2.01787596563425,0.232484076433121,3.24285480973379
"Eggs Tray (30) -> Margarine 500g",0.214150347441567,1.67311917897155,0.229601518026565,1.85918198088088
"Flavoured Yoghurt 250ml -> Salted Peanuts 200g",0.142431021625652,1.76395342167154,0.229038854805726,3.19479838498243
"Fresh Milk 500ml -> Margarine 500g",0.21100062150404,1.64851092156016,0.222832980972516,1.80437423293577
"Tea Leaves 250g -> Margarine 500g",0.208777429467085,1.63114151133036,0.220074812967581,1.78204016346144
"White Bread 400g -> Margarine 500g",0.208520179372197,1.62913166136892,0.217559715945771,1.76167434400473
"Peanut Butter 400g -> Brown Bread 400g",0.258024691358025,1.9194312023795,0.21656050955414,3.15303671331381
"Potato Crisps 150g -> Flavoured Yoghurt 250ml",0.211394302848576,1.4212759392116,0.212698412698413,2.60283701756094
"Sugar 1kg -> Margarine 500g",0.190340909090909,1.48710020482118,0.207547169811321,1.6805984629918
"Peanut Butter 400g -> Margarine 500g",0.220987654320988,1.72653786079552,0.203821656050955,1.650431379985
"Queen Cakes 6pk -> Margarine 500g",NA,NA,0.201550387596899,1.63203994503362
"Peanut Butter 400g -> Flavoured Yoghurt 250ml",0.292592592592593,1.96719971276273,0.200636942675159,2.45523816966902
"Soda 2L -> Flavoured Yoghurt 250ml",0.183596214511041,1.23437991799519,0.194050991501416,2.37464444405823
"Eggs Tray (30) -> Peanut Butter 400g",0.171825647504738,1.91256794802804,0.191650853889943,3.65235257859051
"Flavoured Yoghurt 250ml -> Bottled Water 1L",0.112602535421327,1.35183017224859,0.177914110429448,2.85425747133999
"Butter 250g -> Peanut Butter 400g",0.181286549707602,2.01787596563425,0.17016317016317,3.24285480973379
"Flavoured Yoghurt 250ml -> Fruit Juice 1L",0.23489932885906,2.66396521885948,0.167689161554192,4.91888207225631
"Brown Bread 400g -> Peanut Butter 400g",0.172442244224422,1.9194312023795,0.165450121654501,3.15303671331381
"Margarine 500g -> Eggs Tray (30)",0.293760831889081,1.67311917897155,0.163734776725304,1.85918198088088
"Tea Leaves 250g -> Queen Cakes 6pk",0.146081504702194,2.37310062413511,0.158354114713217,2.4485556135501
"Margarine 500g -> Butter 250g",0.24263431542461,1.82756139337367,0.158322056833559,2.20838971583221
"Sugar 1kg -> Queen Cakes 6pk",0.130681818181818,2.12293202293202,0.146841673502871,2.27054411948626
"Eggs Tray (30) -> Smoked Bacon 250g",0.221730890713835,3.29888731134642,0.144212523719165,6.58754001477469
"Margarine 500g -> Strawberry Jam 450g",0.212305025996534,2.36022455534494,0.138024357239513,2.33976700770891
"Margarine 500g -> Brown Bread 400g",0.222703639514731,1.65667987942642,0.129905277401894,1.89137026757405
"Flavoured Yoghurt 250ml -> Peanut Butter 400g",0.176733780760626,1.96719971276273,0.128834355828221,2.45523816966902
"White Bread 400g -> Eggs Tray (30)",0.263826606875934,1.50262835602869,0.127824402840542,1.45142547741519
"Fresh Milk 500ml -> Queen Cakes 6pk",0.0954008701056557,1.54979143220287,0.123467230443975,1.9091160386996
"White Bread 400g -> Strawberry Jam 450g",0.163677130044843,1.81962146052319,0.117495158166559,1.99175928178099
"White Bread 400g -> Butter 250g",0.207399103139013,1.56216400493011,0.113621691413815,1.58487692638758
"White Bread 400g -> Brown Bread 400g",0.20627802690583,1.53449066879782,0.106520335700452,1.55089462002799
"White Bread 400g -> Queen Cakes 6pk",0.0766068759342302,1.24448215031175,0.105874757908328,1.63709186388484
"Margarine 500g -> Queen Cakes 6pk",NA,NA,0.105548037889039,1.63203994503362
"Fresh Milk 500ml -> Eggs Tray (30)",0.216904909881914,1.23538513423584,0.104016913319239,1.18109527381845
"Soda 2L -> Beef Sausages 500g",0.256782334384858,2.02373210385829,0.0963172804532578,2.64386516620319
"White Bread 400g -> Peanut Butter 400g",0.155829596412556,1.7345180756242,0.0884441575209813,1.68550904014507
"Margarine 500g -> Peanut Butter 400g",0.155112651646447,1.72653786079552,0.0866035182679296,1.650431379985
"Fresh Milk 500ml -> Butter 250g",0.16935985083903,1.27564612795714,0.0854122621564482,1.19139155418225
"Fresh Milk 500ml -> Strawberry Jam 450g",0.140770665009323,1.56496709707035,0.0832980972515856,1.41205613017985
"Fresh Milk 500ml -> Brown Bread 400g",0.171535114978247,1.27604009624082,0.078646934460888,1.14506874893906
"Fresh Milk 500ml -> Peanut Butter 400g",0.12119328775637,1.34898602766844,0.0570824524312896,1.08783883869056
"White Bread 400g -> Fruit Juice 1L",0.0997757847533632,1.13154525199537,0.0419625564880568,1.230901656983
"Fresh Milk 500ml -> Breakfast Cereal 500g",0.141081417029211,1.23854922681145,0.0325581395348837,1.10072263828669
"BBQ Sauce 375ml -> Beef Sausages 500g",0.576530612244898,4.54370629370629,NA,NA
"BBQ Sauce 375ml -> Burger Buns 6pk",0.364795918367347,6.12476722532588,NA,NA
"BBQ Sauce 375ml -> Chicken Wings 1kg",0.474489795918367,6.81210191082803,NA,NA
"BBQ Sauce 375ml -> Potato Crisps 150g",0.426020408163265,2.87931034482759,NA,NA
"BBQ Sauce 375ml -> Soda 2L",0.551020408163265,3.13438485804416,NA,NA
"Baby Wipes -> Long-life Milk 1L",0.277922077922078,2.30731625648753,NA,NA
"Beef Sausages 500g -> BBQ Sauce 375ml",0.197552447552448,4.54370629370629,NA,NA
"Beef Sausages 500g -> Brown Bread 400g",0.192307692307692,1.43056613353643,NA,NA
"Beef Sausages 500g -> Burger Buns 6pk",0.218531468531469,3.66904975843523,NA,NA
"Beef Sausages 500g -> Butter 250g",0.166958041958042,1.25755531018689,NA,NA
"Beef Sausages 500g -> Cheddar Cheese 200g",0.145104895104895,1.94393125448103,NA,NA
"Beef Sausages 500g -> Chicken Wings 1kg",0.284090909090909,4.07860451650261,NA,NA
"Beef Sausages 500g -> Eggs Tray (30)",0.298951048951049,1.70268013729795,NA,NA
"Beef Sausages 500g -> Potato Crisps 150g",0.271853146853147,1.83735230286954,NA,NA
"Beef Sausages 500g -> Smoked Bacon 250g",0.263111888111888,3.91454914722241,NA,NA
"Breakfast Cereal 500g -> Granola 400g",0.191820837390458,2.53586021981285,NA,NA
"Breakfast Cereal 500g -> Natural Yoghurt 500ml",0.33300876338851,2.39808866670192,NA,NA
"Brown Bread 400g -> Beef Sausages 500g",0.181518151815182,1.43056613353643,NA,NA
"Brown Bread 400g -> Smoked Bacon 250g",0.165841584158416,2.46737247982224,NA,NA
"Burger Buns 6pk -> BBQ Sauce 375ml",0.266294227188082,6.12476722532588,NA,NA
"Burger Buns 6pk -> Beef Sausages 500g",0.465549348230912,3.66904975843523,NA,NA
"Burger Buns 6pk -> Cheddar Cheese 200g",0.199255121042831,2.66936726793783,NA,NA
"Burger Buns 6pk -> Chicken Wings 1kg",0.400372439478585,5.74802215659064,NA,NA
"Burger Buns 6pk -> Potato Crisps 150g",0.342644320297952,2.31580299235857,NA,NA
"Burger Buns 6pk -> Soda 2L",0.484171322160149,2.7541253252971,NA,NA
"Butter 250g -> Beef Sausages 500g",0.159565580618212,1.25755531018689,NA,NA
"Butter 250g -> Smoked Bacon 250g",0.139515455304929,2.07569528882713,NA,NA
"Cheddar Cheese 200g -> Beef Sausages 500g",0.24665676077266,1.94393125448103,NA,NA
"Cheddar Cheese 200g -> Burger Buns 6pk",0.158989598811293,2.66936726793783,NA,NA
"Cheddar Cheese 200g -> Chicken Wings 1kg",0.191679049034175,2.75187628358619,NA,NA
"Cheddar Cheese 200g -> Mozzarella 200g",0.160475482912333,3.11820464210688,NA,NA
"Cheddar Cheese 200g -> Pasta Sauce 400g",0.283803863298663,3.62946898085212,NA,NA
"Cheddar Cheese 200g -> Potato Crisps 150g",0.193164933135215,1.30552851360353,NA,NA
"Cheddar Cheese 200g -> Soda 2L",0.24962852897474,1.41996896986515,NA,NA
"Cheddar Cheese 200g -> Spaghetti 500g",0.387815750371471,3.45167502995971,NA,NA
"Chicken Wings 1kg -> BBQ Sauce 375ml",0.296178343949045,6.81210191082803,NA,NA
"Chicken Wings 1kg -> Beef Sausages 500g",0.517515923566879,4.07860451650261,NA,NA
"Chicken Wings 1kg -> Burger Buns 6pk",0.342356687898089,5.74802215659064,NA,NA
"Chicken Wings 1kg -> Cheddar Cheese 200g",0.205414012738854,2.75187628358619,NA,NA
"Chicken Wings 1kg -> Potato Crisps 150g",0.390127388535032,2.63672303975401,NA,NA
"Chicken Wings 1kg -> Soda 2L",0.514331210191083,2.92568466314372,NA,NA
"Diapers 40pk -> Long-life Milk 1L",0.307820299500832,2.55553206289088,NA,NA
"Eggs Tray (30) -> Beef Sausages 500g",0.216045483259634,1.70268013729795,NA,NA
"Flavoured Yoghurt 250ml -> White Bread 400g",0.346010439970172,1.16578106381579,NA,NA
"Fresh Cream 250ml -> Ice Cream 1L",0.561497326203209,6.68752958130532,NA,NA
"Fresh Milk 500ml -> Long-life Milk 1L",0.132380360472343,1.09902516576303,NA,NA
"Fruit Juice 1L -> Granola 400g",0.148427672955975,1.96220513104262,NA,NA
"Fruit Juice 1L -> Natural Yoghurt 500ml",0.238993710691824,1.72106014025358,NA,NA
"Fruit Juice 1L -> Peanut Butter 400g",0.2,2.22617283950617,NA,NA
"Granola 400g -> Breakfast Cereal 500g",0.288856304985337,2.53586021981285,NA,NA
"Granola 400g -> Fruit Juice 1L",0.173020527859238,1.96220513104262,NA,NA
"Granola 400g -> Long-life Milk 1L",0.250733137829912,2.08159297483839,NA,NA
"Granola 400g -> Natural Yoghurt 500ml",0.605571847507331,4.36089119578762,NA,NA
"Ice Cream 1L -> Fresh Cream 250ml",0.138705416116248,6.68752958130532,NA,NA
"Ice Cream 1L -> Ice Cream Cones",0.331571994715984,8.71560671824873,NA,NA
"Ice Cream 1L -> Queen Cakes 6pk",0.186261558784676,3.02582741261737,NA,NA
"Ice Cream Cones -> Ice Cream 1L",0.731778425655977,8.71560671824873,NA,NA
"Long-life Milk 1L -> Baby Wipes",0.0985267034990792,2.30731625648753,NA,NA
"Long-life Milk 1L -> Diapers 40pk",0.170349907918969,2.55553206289088,NA,NA
"Long-life Milk 1L -> Fresh Milk 500ml",0.392265193370166,1.09902516576303,NA,NA
"Long-life Milk 1L -> Granola 400g",0.157458563535912,2.08159297483839,NA,NA
"Long-life Milk 1L -> Natural Yoghurt 500ml",0.247697974217311,1.78374196129655,NA,NA
"Mozzarella 200g -> Cheddar Cheese 200g",0.232758620689655,3.11820464210688,NA,NA
"Mozzarella 200g -> Onions 1kg",0.290948275862069,1.20550995182556,NA,NA
"Mozzarella 200g -> Pasta Sauce 400g",0.461206896551724,5.89821472242602,NA,NA
"Mozzarella 200g -> Spaghetti 500g",0.586206896551724,5.21741498451169,NA,NA
"Natural Yoghurt 500ml -> Breakfast Cereal 500g",0.273162939297125,2.39808866670192,NA,NA
"Natural Yoghurt 500ml -> Fruit Juice 1L",0.151757188498403,1.72106014025358,NA,NA
"Natural Yoghurt 500ml -> Granola 400g",0.329872204472843,4.36089119578762,NA,NA
"Natural Yoghurt 500ml -> Long-life Milk 1L",0.214856230031949,1.78374196129655,NA,NA
"Onions 1kg -> Mozzarella 200g",0.0620404411764706,1.20550995182556,NA,NA
"Onions 1kg -> Pasta Sauce 400g",0.102481617647059,1.31060179390905,NA,NA
"Onions 1kg -> Spaghetti 500g",0.140165441176471,1.24751393647291,NA,NA
"Pasta Sauce 400g -> Cheddar Cheese 200g",0.270921985815603,3.62946898085212,NA,NA
"Pasta Sauce 400g -> Mozzarella 200g",0.30354609929078,5.89821472242602,NA,NA
"Pasta Sauce 400g -> Onions 1kg",0.316312056737589,1.31060179390905,NA,NA
"Pasta Sauce 400g -> Spaghetti 500g",0.784397163120567,6.98136705103162,NA,NA
"Peanut Butter 400g -> Fruit Juice 1L",0.196296296296296,2.22617283950617,NA,NA
"Potato Crisps 150g -> BBQ Sauce 375ml",0.125187406296852,2.87931034482759,NA,NA
"Potato Crisps 150g -> Beef Sausages 500g",0.233133433283358,1.83735230286954,NA,NA
"Potato Crisps 150g -> Burger Buns 6pk",0.137931034482759,2.31580299235857,NA,NA
"Potato Crisps 150g -> Cheddar Cheese 200g",0.0974512743628186,1.30552851360353,NA,NA
"Potato Crisps 150g -> Chicken Wings 1kg",0.183658170914543,2.63672303975401,NA,NA
"Queen Cakes 6pk -> Ice Cream 1L",0.254054054054054,3.02582741261737,NA,NA
"Smoked Bacon 250g -> Beef Sausages 500g",0.496699669966997,3.91454914722241,NA,NA
"Smoked Bacon 250g -> Brown Bread 400g",0.331683168316832,2.46737247982224,NA,NA
"Smoked Bacon 250g -> Butter 250g",0.275577557755776,2.07569528882713,NA,NA
"Soda 2L -> BBQ Sauce 375ml",0.136277602523659,3.13438485804416,NA,NA
"Soda 2L -> Burger Buns 6pk",0.16403785488959,2.7541253252971,NA,NA
"Soda 2L -> Cheddar Cheese 200g",0.105993690851735,1.41996896986515,NA,NA
"Soda 2L -> Chicken Wings 1kg",0.203785488958991,2.92568466314372,NA,NA
"Spaghetti 500g -> Cheddar Cheese 200g",0.257650542941757,3.45167502995971,NA,NA
"Spaghetti 500g -> Mozzarella 200g",0.268509378084896,5.21741498451169,NA,NA
"Spaghetti 500g -> Onions 1kg",0.301085883514314,1.24751393647291,NA,NA
"Spaghetti 500g -> Pasta Sauce 400g",0.545903257650543,6.98136705103162,NA,NA
"White Bread 400g -> Flavoured Yoghurt 250ml",0.17339312406577,1.16578106381579,NA,NA
